date,f,atm_strike,atm_iv,ivp_252
2019-01-01,10960.55,10950.0,0.14220966614797725,
2019-01-02,10830.85,10850.0,0.15259572061528257,
2019-01-03,10718.5,10700.0,0.15847655432496177,
2019-01-04,10777.6,10800.0,0.14904068958151412,
2019-01-07,10803.45,10800.0,0.15151025700548354,
2019-01-08,10844.65,10850.0,0.144074917137391,
2019-01-09,10877.7,10900.0,0.13754168604254913,
2019-01-10,10857.75,10850.0,0.14155607914994045,
2019-01-11,10827.6,10850.0,0.13984956234747542,
2019-01-14,10769.8,10750.0,0.15142955418942994,
2019-01-15,10928.4,10950.0,0.13849775899402816,
2019-01-16,10921.65,10900.0,0.1428720838550006,
2019-01-17,10925.85,10950.0,0.1356398176340432,
2019-01-18,10927.15,10950.0,0.13326758256710036,
2019-01-21,10969.7,10950.0,0.1534760208022105,
2019-01-22,10936.2,10950.0,0.15196178910062197,
2019-01-23,10854.9,10850.0,0.15972653384315166,
2019-01-24,10868.6,10850.0,0.14332663209930904,
2019-01-25,10785.95,10800.0,0.15025849879960287,
2019-01-28,10676.8,10700.0,0.19875818602452291,
2019-01-29,10668.05,10650.0,0.18321863511902253,
2019-01-30,10642.9,10650.0,0.16642268358964218,
2019-01-31,10830.95,10850.0,0.16642268358964218,
2019-02-01,10914.05,10900.0,0.14312398965125006,
2019-02-04,10937.5,10950.0,0.14025921302915062,
2019-02-05,10951.7,10950.0,0.1419233934539148,
2019-02-06,11090.3,11100.0,0.13657173396267716,
2019-02-07,11093.8,11100.0,0.13255719738400498,
2019-02-08,10957.25,10950.0,0.1327171383010787,
2019-02-11,10909.6,10900.0,0.1383569277561667,
2019-02-12,10860.45,10850.0,0.14850965819916342,
2019-02-13,10823.4,10800.0,0.13662343151205447,
2019-02-14,10779.8,10800.0,0.13662343151205447,
2019-02-15,10746.55,10750.0,0.13704698232365803,
2019-02-18,10662.25,10650.0,0.18615730744460723,
2019-02-19,10617.15,10600.0,0.1758435769489985,
2019-02-20,10751.85,10750.0,0.14096756701202715,
2019-02-21,10804.45,10800.0,0.14096756701202715,
2019-02-22,10808.8,10800.0,0.12306055706584772,
2019-02-25,10887.05,10900.0,0.1314606842907287,
2019-02-26,10827.8,10850.0,0.17676315518354374,
2019-02-27,10809.45,10800.0,0.23902227467246256,
2019-02-28,10792.5,10800.0,0.23902227467246256,
2019-03-01,10917.05,10900.0,0.12449263286610729,
2019-03-05,11032.7,11050.0,0.1449648674049991,
2019-03-06,11086.8,11100.0,0.15089160905440654,
2019-03-07,11098.2,11100.0,0.15089160905440654,
2019-03-08,11076.05,11100.0,0.11684821392894199,
2019-03-11,11202.15,11200.0,0.12105758688995902,
2019-03-12,11336.85,11350.0,0.13054418295043413,
2019-03-13,11366.65,11350.0,0.11176641921790341,
2019-03-14,11381.75,11400.0,0.11176641921790341,
2019-03-15,11470.45,11450.0,0.11955500230409646,
2019-03-18,11494.5,11500.0,0.15019423587931144,
2019-03-19,11570.75,11550.0,0.10888520215699739,
2019-03-20,11553.2,11550.0,0.10888520215699739,
2019-03-22,11472.4,11450.0,0.11778300509514428,
2019-03-25,11370.05,11350.0,0.13921181706186694,
2019-03-26,11510.7,11500.0,0.13610751839821805,
2019-03-27,11458.1,11450.0,0.1326014166764041,
2019-03-28,11570.0,11550.0,0.1326014166764041,
2019-03-29,11679.9,11700.0,0.15419699038033696,
2019-04-01,11748.4,11750.0,0.15197595589703933,
2019-04-02,11779.5,11800.0,0.17325707026960624,
2019-04-03,11729.65,11750.0,0.18698021173451582,
2019-04-04,11679.55,11700.0,0.18698021173451582,
2019-04-05,11760.75,11750.0,0.10765532808894133,
2019-04-08,11674.9,11650.0,0.1331774614308119,
2019-04-09,11742.3,11750.0,0.14410028349709256,
2019-04-10,11652.9,11650.0,0.1474558452897258,
2019-04-11,11668.9,11650.0,0.1474558452897258,
2019-04-12,11703.85,11700.0,0.09864289881643201,
2019-04-15,11727.75,11750.0,0.1020069288905345,
2019-04-16,11824.45,11800.0,0.07019350294350267,
2019-04-18,11771.1,11750.0,0.07019350294350267,
2019-04-22,11618.9,11600.0,0.1348076014929449,
2019-04-23,11586.4,11600.0,0.13155889694989936,
2019-04-24,11738.25,11750.0,0.10936909454047135,
2019-04-25,11641.8,11650.0,0.10936909454047135,
2019-04-26,11813.5,11800.0,0.08503178458290019,
2019-04-30,11791.55,11800.0,0.11502545011306944,
2019-05-02,11765.4,11750.0,0.11502545011306944,
2019-05-03,11764.3,11750.0,0.09911092019129139,
2019-05-06,11656.35,11650.0,0.14146619831882593,
2019-05-07,11541.9,11550.0,0.15812190735337137,
2019-05-08,11418.6,11400.0,0.1623266671409358,
2019-05-09,11334.8,11350.0,0.1623266671409358,
2019-05-10,11307.2,11300.0,0.16722973932871998,
2019-05-13,11181.55,11200.0,0.20100916778276745,
2019-05-14,11241.65,11250.0,0.18851730505583214,
2019-05-15,11177.45,11200.0,0.18247425439557613,
2019-05-16,11285.25,11300.0,0.18247425439557613,
2019-05-17,11425.8,11450.0,0.4106823615708959,
2019-05-20,11859.45,11850.0,0.47518197309435034,
2019-05-21,11715.15,11700.0,0.5769408656412536,
2019-05-22,11781.65,11800.0,0.7958100102952333,
2019-05-23,11692.4,11700.0,0.7958100102952333,
2019-05-24,11869.4,11850.0,0.13969059690120245,
2019-05-27,11918.5,11900.0,0.1617509522739488,
2019-05-28,11940.75,11950.0,0.1630071187125287,
2019-05-29,11862.25,11850.0,0.14643130380266584,
2019-05-30,11945.9,11950.0,0.14643130380266584,
2019-05-31,11916.5,11900.0,0.12611377231493645,
2019-06-03,12104.45,12100.0,0.13834493587966967,
2019-06-04,12056.15,12050.0,0.11486430392560032,
2019-06-06,11884.05,11900.0,0.11486430392560032,
2019-06-07,11900.75,11900.0,0.11273828253853682,
2019-06-10,11933.8,11950.0,0.12725770481381207,
2019-06-11,11976.95,12000.0,0.12486986523798335,
2019-06-12,11916.7,11900.0,0.1189397660034168,
2019-06-13,11928.3,11950.0,0.1189397660034168,
2019-06-14,11838.05,11850.0,0.10595979695370666,
2019-06-17,11697.55,11700.0,0.13671723033667046,
2019-06-18,11700.5,11700.0,0.14019948543819916,
2019-06-19,11708.6,11700.0,0.15699933554262557,
2019-06-20,11849.45,11850.0,0.15699933554262557,
2019-06-21,11753.45,11750.0,0.1247617225540305,
2019-06-24,11717.15,11700.0,0.15307499780638195,
2019-06-25,11810.3,11800.0,0.14068497953676956,
2019-06-26,11864.4,11850.0,0.14027744075674847,
2019-06-27,11841.55,11850.0,0.14027744075674847,
2019-06-28,11841.5,11850.0,0.12577100220707035,
2019-07-01,11903.65,11900.0,0.13651022997632406,
2019-07-02,11942.35,11950.0,0.12380246748602239,
2019-07-03,11949.2,11950.0,0.12585331983283726,
2019-07-04,11979.65,12000.0,0.12585331983283726,25.793650793650798
2019-07-05,11820.95,11800.0,0.11382761516267413,12.598425196850393
2019-07-08,11566.3,11550.0,0.14028562494386293,51.5625
2019-07-09,11552.6,11550.0,0.13559664784256842,36.434108527131784
2019-07-10,11492.25,11500.0,0.1329019926383377,33.84615384615385
2019-07-11,11582.05,11600.0,0.1329019926383377,33.969465648854964
2019-07-12,11544.35,11550.0,0.09534818620428046,3.0303030303030303
2019-07-15,11579.2,11600.0,0.11610886773625206,16.541353383458645
2019-07-16,11657.85,11650.0,0.11124541255472858,10.44776119402985
2019-07-17,11675.8,11700.0,0.09469095820043819,2.9629629629629632
2019-07-18,11604.35,11600.0,0.09469095820043819,3.308823529411765
2019-07-19,11421.85,11400.0,0.1147179830530389,15.328467153284672
2019-07-22,11360.25,11350.0,0.13087303371282008,31.88405797101449
2019-07-23,11333.8,11350.0,0.11887576642608397,20.863309352517987
2019-07-24,11277.8,11300.0,0.13150202934162414,33.57142857142857
2019-07-25,11252.15,11250.0,0.13150202934162414,33.687943262411345
2019-07-26,11327.0,11350.0,0.10722226289090131,7.746478873239436
2019-07-29,11215.05,11200.0,0.1397105469852509,52.44755244755245
2019-07-30,11095.2,11100.0,0.1555617287876795,78.47222222222221
2019-07-31,11132.2,11150.0,0.15152380668705487,73.79310344827587
2019-08-01,11015.35,11000.0,0.15152380668705487,73.63013698630137
2019-08-02,11024.05,11000.0,0.15761268829712288,80.27210884353741
2019-08-05,10896.8,10900.0,0.21637022718450966,95.27027027027027
2019-08-06,10978.65,11000.0,0.20856503000880638,94.63087248322147
2019-08-07,10874.25,10850.0,0.18775414509267674,92.0
2019-08-08,11063.95,11050.0,0.18775414509267674,91.72185430463577
2019-08-09,11122.95,11100.0,0.13849629926357748,47.368421052631575
2019-08-13,10925.15,10950.0,0.17563236077605773,85.62091503267973
2019-08-14,11028.15,11050.0,0.17563236077605773,85.3896103896104
2019-08-16,11064.65,11050.0,0.14721176244830264,63.2258064516129
2019-08-19,11058.1,11050.0,0.18125794458095737,87.17948717948718
2019-08-20,11028.1,11050.0,0.17888513151454344,86.62420382165605
2019-08-21,10932.65,10950.0,0.17900575833420573,86.70886075949366
2019-08-22,10732.1,10750.0,0.17900575833420573,86.47798742138365
2019-08-23,10842.7,10850.0,0.1800551683432197,86.875
2019-08-26,11054.2,11050.0,0.18999729644897598,93.16770186335404
2019-08-27,11103.9,11100.0,0.17835949096441814,83.9506172839506
2019-08-28,11049.25,11050.0,0.17717965254285076,83.43558282208589
2019-08-29,10948.3,10950.0,0.17717965254285076,83.23170731707317
2019-08-30,11058.9,11050.0,0.1322794643220005,30.909090909090907
2019-09-03,10836.4,10850.0,0.22099070012304387,95.78313253012048
2019-09-04,10886.3,10900.0,0.1942267738097922,92.81437125748504
2019-09-05,10881.6,10900.0,0.1942267738097922,92.55952380952381
2019-09-06,10973.65,10950.0,0.13879978795143,44.37869822485207
2019-09-09,11025.25,11050.0,0.13612774997982435,37.64705882352941
2019-09-11,11060.8,11050.0,0.14651797554278662,59.06432748538012
2019-09-12,10996.45,11000.0,0.14651797554278662,59.01162790697675
2019-09-13,11105.55,11100.0,0.11349952188598503,12.138728323699421
2019-09-16,11017.2,11000.0,0.1509823705027703,64.9425287356322
2019-09-17,10833.5,10850.0,0.17697727375455127,81.71428571428572
2019-09-18,10855.45,10850.0,0.17273434862679132,78.4090909090909
2019-09-19,10711.3,10700.0,0.17273434862679132,78.24858757062147
2019-09-20,11295.5,11300.0,0.1604739471675624,73.59550561797754
2019-09-23,11607.3,11600.0,0.22882602122509227,96.08938547486034
2019-09-24,11613.85,11600.0,0.19655752458171497,92.77777777777779
2019-09-25,11469.1,11450.0,0.17899095108971047,83.42541436464089
2019-09-26,11571.2,11550.0,0.17899095108971047,83.24175824175825
2019-09-27,11579.5,11600.0,0.15959029354312276,71.03825136612022
2019-09-30,11534.6,11550.0,0.15910138916792838,70.65217391304348
2019-10-01,11429.85,11450.0,0.178762842413242,82.16216216216216
2019-10-03,11361.8,11350.0,0.178762842413242,81.98924731182797
2019-10-04,11215.15,11200.0,0.15418253469450155,65.77540106951871
2019-10-07,11162.0,11150.0,0.15650169911749878,67.02127659574468
2019-10-09,11347.7,11350.0,0.174469389990956,77.24867724867724
2019-10-10,11254.25,11250.0,0.174469389990956,77.10526315789473
2019-10-11,11311.7,11300.0,0.16187518242344529,71.72774869109948
2019-10-14,11336.3,11350.0,0.1891472822694324,91.14583333333334
2019-10-15,11439.4,11450.0,0.17759087348166047,80.82901554404145
2019-10-16,11475.55,11500.0,0.1680748134542528,74.22680412371135
2019-10-17,11600.65,11600.0,0.1680748134542528,74.1025641025641
2019-10-18,11670.0,11650.0,0.13710851569359778,36.734693877551024
2019-10-22,11624.35,11600.0,0.179045420328503,85.27918781725889
2019-10-23,11624.7,11600.0,0.16431967174701317,71.71717171717171
2019-10-24,11611.15,11600.0,0.16431967174701317,71.60804020100502
2019-10-25,11608.95,11600.0,0.1210725732812489,18.0
2019-10-29,11795.45,11800.0,0.15223384065677448,60.69651741293532
2019-10-30,11840.2,11850.0,0.15273948696281786,61.386138613861384
2019-10-31,11877.45,11900.0,0.15273948696281786,61.330049261083744
2019-11-01,11928.25,11950.0,0.13153132597402795,25.49019607843137
2019-11-04,11979.7,12000.0,0.15935734098273255,67.8048780487805
2019-11-05,11956.0,11950.0,0.16067205881311297,69.41747572815534
2019-11-06,12008.05,12000.0,0.1520617502178902,59.42028985507246
2019-11-07,12047.95,12050.0,0.1520617502178902,59.375
2019-11-08,11945.35,11950.0,0.11528291068916298,13.397129186602871
2019-11-11,11943.7,11950.0,0.13701204399839792,35.23809523809524
2019-11-13,11863.25,11850.0,0.14052168626788628,43.60189573459716
2019-11-14,11899.65,11900.0,0.14052168626788628,43.63207547169811
2019-11-15,11942.6,11950.0,0.11461927624591062,10.7981220657277
2019-11-18,11920.9,11900.0,0.139029397208356,39.25233644859813
2019-11-19,11969.15,11950.0,0.13715760634420443,36.27906976744186
2019-11-20,12018.15,12000.0,0.14569965166943488,50.92592592592593
2019-11-21,11974.55,11950.0,0.14569965166943488,50.92165898617511
2019-11-22,11914.5,11900.0,0.11136503190813613,8.256880733944955
2019-11-25,12096.3,12100.0,0.1330949132746913,29.22374429223744
2019-11-26,12075.2,12100.0,0.13554689705877632,30.909090909090907
2019-11-27,12108.55,12100.0,0.1294829011382841,22.624434389140273
2019-11-28,12151.15,12150.0,0.1294829011382841,22.74774774774775
2019-11-29,12099.85,12100.0,0.10926192242506347,6.726457399103139
2019-12-02,12091.45,12100.0,0.14047125857750697,45.089285714285715
2019-12-03,12046.45,12050.0,0.13988196917971357,42.66666666666667
2019-12-04,12089.8,12100.0,0.15331340320380374,65.04424778761062
2019-12-05,12047.7,12050.0,0.15331340320380374,64.97797356828194
2019-12-06,11955.7,11950.0,0.10906824966779043,6.578947368421052
2019-12-09,11966.7,11950.0,0.12664554617005125,22.270742358078603
2019-12-10,11898.2,11900.0,0.13556447981337139,32.17391304347826
2019-12-11,11938.15,11950.0,0.14145180967935023,48.05194805194805
2019-12-12,12028.65,12050.0,0.14145180967935023,48.060344827586206
2019-12-13,12142.35,12150.0,0.11683741319861371,14.592274678111588
2019-12-16,12082.55,12100.0,0.12691199214445875,22.64957264957265
2019-12-17,12187.15,12200.0,0.12320317397969846,18.72340425531915
2019-12-18,12243.15,12250.0,0.12424572799653008,19.491525423728813
2019-12-19,12268.95,12250.0,0.12424572799653008,19.62025316455696
2019-12-20,12290.0,12300.0,0.08919579679855341,1.680672268907563
2019-12-23,12276.45,12300.0,0.09594378382936268,3.3472803347280333
2019-12-24,12238.45,12250.0,0.07577289550933633,1.25
2019-12-26,12126.55,12150.0,0.07577289550933633,1.4522821576763485
2019-12-27,12319.25,12300.0,0.08077958676448298,2.066115702479339
2019-12-30,12329.3,12350.0,0.11472107340979715,13.580246913580247
2019-12-31,12246.25,12250.0,0.13356420317728157,34.01639344262295
2020-01-01,12243.8,12250.0,0.14542706514978104,55.10204081632652
2020-01-02,12339.3,12350.0,0.14542706514978104,55.08130081300813
2020-01-03,12256.45,12250.0,0.09845810705886009,4.8582995951417
2020-01-06,12043.7,12050.0,0.1559227757103604,69.75806451612904
2020-01-07,12106.7,12100.0,0.14957954758815944,59.83935742971887
2020-01-08,12063.5,12050.0,0.17957943442005866,88.4
2020-01-09,12269.75,12250.0,0.17957943442005866,88.24701195219123
2020-01-10,12290.0,12300.0,0.11621950808217937,16.26984126984127
2020-01-13,12362.15,12350.0,0.13014110264367856,26.984126984126984
2020-01-14,12397.0,12400.0,0.1281595347445629,26.190476190476193
2020-01-15,12378.05,12400.0,0.14951683794721976,59.92063492063492
2020-01-16,12374.35,12350.0,0.14951683794721976,59.72222222222222
2020-01-17,12384.65,12400.0,0.09885226147664594,5.555555555555555
2020-01-20,12263.15,12250.0,0.12599418559427636,25.0
2020-01-21,12203.1,12200.0,0.13140994173215023,29.365079365079367
2020-01-22,12145.25,12150.0,0.14488400022723233,54.36507936507936
2020-01-23,12201.0,12200.0,0.14488400022723233,54.166666666666664
2020-01-24,12271.6,12250.0,0.10086867555451186,6.349206349206349
2020-01-27,12125.7,12150.0,0.13892583459409616,44.44444444444444
2020-01-28,12068.0,12050.0,0.15161633975542066,63.888888888888886
2020-01-29,12121.55,12100.0,0.13852413196146068,43.65079365079365
2020-01-30,12035.8,12050.0,0.13852413196146068,43.452380952380956
2020-01-31,11994.3,12000.0,0.24101301856685792,98.01587301587301
2020-02-03,11703.15,11700.0,0.1665248390332204,77.38095238095238
2020-02-04,11964.25,11950.0,0.14670660698744228,58.333333333333336
2020-02-05,12086.3,12100.0,0.14463358069076387,53.57142857142857
2020-02-06,12136.35,12150.0,0.14463358069076387,53.769841269841265
2020-02-07,12095.9,12100.0,0.11066419779788134,10.714285714285714
2020-02-10,12040.05,12050.0,0.13709200409623923,41.66666666666667
2020-02-11,12126.85,12150.0,0.13147905208080932,30.952380952380953
2020-02-12,12228.45,12250.0,0.12671334534602735,26.984126984126984
2020-02-13,12174.6,12150.0,0.12671334534602735,27.18253968253968
2020-02-14,12129.65,12150.0,0.11184529702280072,12.698412698412698
2020-02-17,12074.45,12050.0,0.1362302845101412,40.476190476190474
2020-02-18,12006.1,12000.0,0.1341598257203756,38.095238095238095
2020-02-19,12142.7,12150.0,0.129902476788774,30.158730158730158
2020-02-20,12079.0,12100.0,0.129902476788774,30.357142857142854
2020-02-24,11827.55,11850.0,0.20550059216145797,95.23809523809523
2020-02-25,11816.55,11800.0,0.18903389510454682,92.46031746031747
2020-02-26,11695.65,11700.0,0.18954867373702294,92.85714285714286
2020-02-27,11633.3,11650.0,0.18954867373702294,92.65873015873017
2020-02-28,11149.15,11150.0,0.3101488669040898,98.01587301587301
2020-03-02,11123.7,11100.0,0.38586766604903183,98.01587301587301
2020-03-03,11294.75,11300.0,0.3146330349479266,97.61904761904762
2020-03-04,11247.1,11250.0,0.29398429000773885,96.82539682539682
2020-03-05,11255.35,11250.0,0.29398429000773885,96.62698412698413
2020-03-06,10939.9,10950.0,0.2656834160838374,96.03174603174604
2020-03-09,10462.35,10450.0,0.3961272937502893,98.01587301587301
2020-03-11,10450.75,10450.0,0.39302731197240376,97.61904761904762
2020-03-12,9546.6,9550.0,0.39302731197240376,97.42063492063492
2020-03-13,9897.7,9900.0,0.6756534482294927,99.20634920634922
2020-03-16,9118.45,9100.0,1.1569077133140664,100.0
2020-03-17,8915.6,8900.0,1.0944950774936888,99.60317460317461
2020-03-18,8433.7,8450.0,1.0132184693182715,99.20634920634922
2020-03-19,8205.9,8200.0,1.0132184693182715,99.0079365079365
2020-03-20,8723.1,8700.0,0.8308228217823144,98.4126984126984
2020-03-23,7581.55,7600.0,1.344423824586418,100.0
2020-03-24,7849.9,7850.0,1.3623723895217281,100.0
2020-03-25,8362.2,8350.0,1.1045113874883614,98.80952380952381
2020-03-26,8641.45,8650.0,1.1045113874883614,98.61111111111111
2020-03-27,8651.4,8650.0,0.918515178575458,96.82539682539682
2020-03-30,8290.15,8300.0,0.9772167395858471,96.82539682539682
2020-03-31,8620.95,8600.0,0.7360332376820721,94.84126984126983
2020-04-01,8257.3,8250.0,0.7360332376820721,94.64285714285714
2020-04-03,8084.5,8100.0,0.482830980440618,93.25396825396825
2020-04-07,8875.85,8900.0,0.5896452024552095,93.65079365079364
2020-04-08,8750.55,8750.0,0.6436165366417036,93.65079365079364
2020-04-09,9086.7,9100.0,0.6436165366417036,93.45238095238095
2020-04-13,9011.1,9000.0,0.5666524450309323,92.06349206349206
2020-04-15,8930.3,8950.0,0.5732029921813866,92.06349206349206
2020-04-16,9035.45,9050.0,0.5732029921813866,91.86507936507937
2020-04-17,9311.3,9300.0,0.3812282842134216,88.09523809523809
2020-04-20,9260.5,9250.0,0.45911553904670754,90.07936507936508
2020-04-21,8971.6,8950.0,0.49407831769039046,90.87301587301587
2020-04-22,9188.3,9200.0,0.43627667416735527,89.28571428571429
2020-04-23,9296.75,9300.0,0.43627667416735527,89.0873015873016
2020-04-24,9138.25,9150.0,0.33392860410892766,86.11111111111111
2020-04-27,9295.15,9300.0,0.37047820644440776,86.11111111111111
2020-04-28,9397.75,9400.0,0.3104855970577176,84.92063492063492
2020-04-29,9549.15,9550.0,0.2894024020017674,83.33333333333334
2020-04-30,9859.9,9850.0,0.2894024020017674,83.13492063492063
2020-05-04,9285.9,9300.0,0.5198310214954089,90.87301587301587
2020-05-05,9208.6,9200.0,0.5065601013253768,90.47619047619048
2020-05-06,9280.7,9300.0,0.4404359732149696,88.4920634920635
2020-05-07,9204.25,9200.0,0.4404359732149696,88.29365079365078
2020-05-08,9236.65,9250.0,0.32818185425640317,83.73015873015873
2020-05-11,9225.15,9250.0,0.36934044798688964,84.12698412698413
2020-05-12,9212.35,9200.0,0.43567076587346065,86.90476190476191
2020-05-13,9393.55,9400.0,0.5715260556005678,91.26984126984127
2020-05-14,9143.9,9150.0,0.5715260556005678,91.07142857142857
2020-05-15,9137.1,9150.0,0.36770990082122695,82.53968253968253
2020-05-18,8825.85,8850.0,0.45854049194520763,87.6984126984127
2020-05-19,8884.1,8900.0,0.41293127572015564,85.31746031746032
2020-05-20,9066.65,9050.0,0.3147776998678822,80.55555555555556
2020-05-21,9075.1,9100.0,0.3147776998678822,80.35714285714286
2020-05-22,9027.8,9050.0,0.25180519722379047,76.5873015873016
2020-05-26,9034.0,9050.0,0.30514889744911405,78.57142857142857
2020-05-27,9309.4,9300.0,0.2725316906048151,76.5873015873016
2020-05-28,9490.1,9500.0,0.2725316906048151,76.38888888888889
2020-05-29,9494.1,9500.0,0.2705533529267029,75.79365079365078
2020-06-01,9791.0,9800.0,0.3225770644714827,80.95238095238095
2020-06-02,9962.95,9950.0,0.29599321226453024,78.57142857142857
2020-06-03,10071.8,10050.0,0.2840588544233221,76.98412698412699
2020-06-04,10017.65,10000.0,0.2840588544233221,77.18253968253968
2020-06-05,10145.5,10150.0,0.25404057598234697,75.39682539682539
2020-06-08,10165.35,10150.0,0.3023253153386425,79.76190476190477
2020-06-09,10034.0,10050.0,0.2977651034283778,79.36507936507937
2020-06-10,10118.7,10100.0,0.3084334335223443,80.15873015873017
2020-06-11,9894.55,9900.0,0.3084334335223443,79.96031746031747
2020-06-12,9955.35,9950.0,0.30021948670756937,78.57142857142857
2020-06-15,9813.75,9800.0,0.3577154405233045,83.33333333333334
2020-06-16,9897.85,9900.0,0.3613687417604864,83.33333333333334
2020-06-17,9854.55,9850.0,0.33205413996240635,82.14285714285714
2020-06-18,10071.9,10050.0,0.33205413996240635,81.94444444444444
2020-06-19,10235.55,10250.0,0.2646159209550558,71.82539682539682
2020-06-22,10288.2,10300.0,0.2941328840358718,75.79365079365078
2020-06-23,10467.7,10450.0,0.261676272877503,71.03174603174604
2020-06-24,10295.65,10300.0,0.2750044526429095,73.01587301587301
2020-06-25,10288.9,10300.0,0.2750044526429095,72.81746031746032
2020-06-26,10318.0,10300.0,0.2568001543315211,69.84126984126983
2020-06-29,10255.8,10250.0,0.3099606494849251,78.57142857142857
2020-06-30,10240.25,10250.0,0.34553574832833034,82.53968253968253
2020-07-01,10408.3,10400.0,0.2832794575149608,72.22222222222221
2020-07-02,10539.7,10550.0,0.2832794575149608,72.02380952380952
2020-07-03,10572.45,10550.0,0.21349390417000466,65.47619047619048
2020-07-06,10754.85,10750.0,0.2408291754007642,66.66666666666666
2020-07-07,10766.65,10750.0,0.2529220501827412,67.46031746031747
2020-07-08,10696.3,10700.0,0.24111928729416238,66.66666666666666
2020-07-09,10823.55,10800.0,0.24111928729416238,66.46825396825396
2020-07-10,10766.65,10750.0,0.19802107146938097,62.698412698412696
2020-07-13,10807.55,10800.0,0.22564822069797488,64.68253968253968
2020-07-14,10613.85,10600.0,0.2587256636364326,68.25396825396825
2020-07-15,10628.25,10650.0,0.22027724963704487,63.49206349206349
2020-07-16,10713.85,10700.0,0.22027724963704487,63.29365079365079
2020-07-17,10905.05,10900.0,0.18917760343810178,58.333333333333336
2020-07-20,11008.6,11000.0,0.2392340178679854,64.68253968253968
2020-07-21,11170.55,11150.0,0.22361199561385542,63.49206349206349
2020-07-22,11110.55,11100.0,0.22040510715369976,62.698412698412696
2020-07-23,11207.55,11200.0,0.22040510715369976,62.5
2020-07-24,11170.25,11150.0,0.19212775458023829,57.936507936507944
2020-07-27,11122.45,11100.0,0.23421935790605686,64.28571428571429
2020-07-28,11306.15,11300.0,0.20403669995099608,59.12698412698413
2020-07-29,11222.45,11200.0,0.2214257543042028,62.698412698412696
2020-07-30,11102.15,11100.0,0.2214257543042028,62.5
2020-07-31,11095.85,11100.0,0.1941477820523934,56.34920634920635
2020-08-03,10913.4,10900.0,0.2393724303753887,64.68253968253968
2020-08-04,11102.05,11100.0,0.20764139104235674,58.333333333333336
2020-08-05,11118.0,11100.0,0.21516959736010083,59.12698412698413
2020-08-06,11199.5,11200.0,0.21516959736010083,58.92857142857143
2020-08-07,11226.2,11250.0,0.17096334335465435,41.66666666666667
2020-08-10,11293.35,11300.0,0.19506541316159487,55.55555555555556
2020-08-11,11344.35,11350.0,0.18422080762547838,50.39682539682539
2020-08-12,11317.8,11300.0,0.1969851254856902,55.952380952380956
2020-08-13,11317.35,11300.0,0.1969851254856902,55.75396825396825
2020-08-14,11186.7,11200.0,0.17670847334052592,42.46031746031746
2020-08-17,11268.2,11250.0,0.19401885999966212,53.57142857142857
2020-08-18,11398.55,11400.0,0.18661366995392606,50.0
2020-08-19,11420.8,11400.0,0.18306485634631847,49.60317460317461
2020-08-20,11305.4,11300.0,0.18306485634631847,49.801587301587304
2020-08-21,11377.2,11400.0,0.14743978561295248,28.968253968253972
2020-08-24,11474.15,11450.0,0.17421600463859688,40.87301587301587
2020-08-25,11471.65,11450.0,0.16891639019661475,39.682539682539684
2020-08-26,11548.2,11550.0,0.16959903250206942,39.682539682539684
2020-08-27,11559.25,11550.0,0.16959903250206942,39.88095238095239
2020-08-28,11675.25,11700.0,0.14102853225400647,23.41269841269841
2020-08-31,11401.95,11400.0,0.26963466346164144,69.44444444444444
2020-09-01,11510.95,11500.0,0.21159306000432165,57.936507936507944
2020-09-02,11561.5,11550.0,0.19053310134660167,52.38095238095239
2020-09-03,11542.8,11550.0,0.19053310134660167,52.182539682539684
2020-09-04,11351.75,11350.0,0.19604656309099838,54.761904761904766
2020-09-07,11365.9,11350.0,0.2102955817780726,57.53968253968254
2020-09-08,11319.85,11300.0,0.23211211439066132,63.095238095238095
2020-09-09,11306.9,11300.0,0.19010677895023437,50.39682539682539
2020-09-10,11455.35,11450.0,0.19010677895023437,50.595238095238095
2020-09-11,11467.1,11450.0,0.16621321469270528,38.095238095238095
2020-09-14,11451.95,11450.0,0.1980913255198987,55.952380952380956
2020-09-15,11527.4,11550.0,0.1839268486964758,47.61904761904761
2020-09-16,11616.4,11600.0,0.16645923556780662,37.698412698412696
2020-09-17,11522.4,11500.0,0.16645923556780662,37.5
2020-09-18,11515.25,11500.0,0.16746271004409902,38.095238095238095
2020-09-21,11256.1,11250.0,0.24668602503824907,65.87301587301587
2020-09-22,11162.05,11150.0,0.21654097244908593,58.730158730158735
2020-09-23,11147.65,11150.0,0.19328792626791835,51.587301587301596
2020-09-24,10805.55,10800.0,0.19328792626791835,51.388888888888886
2020-09-25,11042.2,11050.0,0.1868929191305358,46.82539682539682
2020-09-28,11238.0,11250.0,0.1872273688646907,46.82539682539682
2020-09-29,11234.7,11250.0,0.18665807973745782,46.42857142857143
2020-09-30,11256.85,11250.0,0.18285895798263593,44.44444444444444
2020-10-01,11435.55,11450.0,0.18285895798263593,44.24603174603175
2020-10-05,11517.65,11500.0,0.1948649337849528,53.17460317460318
2020-10-06,11669.65,11650.0,0.17880905951169307,42.06349206349206
2020-10-07,11750.9,11750.0,0.19239351127599308,51.19047619047619
2020-10-08,11831.8,11850.0,0.19239351127599308,50.99206349206349
2020-10-09,11929.8,11950.0,0.1794167086859837,41.66666666666667
2020-10-12,11938.35,11950.0,0.23466512872017278,63.095238095238095
2020-10-13,11946.1,11950.0,0.23095614832996098,61.904761904761905
2020-10-14,11982.25,12000.0,0.21866677271483262,58.333333333333336
2020-10-15,11685.55,11700.0,0.21866677271483262,58.13492063492064
2020-10-16,11765.15,11750.0,0.18508350431101095,43.25396825396825
2020-10-19,11889.4,11900.0,0.1901652588444761,47.61904761904761
2020-10-20,11895.9,11900.0,0.22601502135406495,61.50793650793651
2020-10-21,11927.45,11950.0,0.20654797053379587,54.36507936507936
2020-10-22,11898.65,11900.0,0.20654797053379587,54.166666666666664
2020-10-23,11934.35,11950.0,0.1639389128493078,32.142857142857146
2020-10-26,11778.4,11800.0,0.22695040683354906,61.50793650793651
2020-10-27,11879.05,11900.0,0.21314319064072593,55.158730158730165
2020-10-28,11721.5,11700.0,0.24659553384732436,65.47619047619048
2020-10-29,11670.8,11650.0,0.24659553384732436,65.27777777777779
2020-10-30,11638.4,11650.0,0.2570980854164416,67.46031746031747
2020-11-02,11681.55,11700.0,0.32158968859747966,80.15873015873017
2020-11-03,11824.95,11800.0,0.3594903246461755,82.93650793650794
2020-11-04,11922.85,11900.0,0.3090590537648525,76.98412698412699
2020-11-05,12143.3,12150.0,0.3090590537648525,76.78571428571429
2020-11-06,12261.45,12250.0,0.18094865209701244,35.714285714285715
2020-11-09,12467.25,12450.0,0.19635742293656167,47.61904761904761
2020-11-10,12659.1,12650.0,0.2232424889500454,57.14285714285714
2020-11-11,12755.05,12750.0,0.2115119021870996,51.19047619047619
2020-11-12,12706.0,12700.0,0.2115119021870996,50.99206349206349
2020-11-13,12753.4,12750.0,0.15957278365278343,27.380952380952383
2020-11-17,12881.85,12900.0,0.16868492365394044,29.761904761904763
2020-11-18,12957.25,12950.0,0.16465151035972275,27.380952380952383
2020-11-19,12793.5,12800.0,0.16465151035972275,27.18253968253968
2020-11-20,12871.3,12850.0,0.15758960585778684,25.793650793650798
2020-11-23,12934.35,12950.0,0.18698276894112353,38.095238095238095
2020-11-24,13062.45,13050.0,0.1924086662158302,43.25396825396825
2020-11-25,12859.15,12850.0,0.22296697300091073,56.74603174603175
2020-11-26,12987.0,13000.0,0.22296697300091073,56.547619047619044
2020-11-27,13017.4,13000.0,0.16286449290206584,24.6031746031746
2020-12-01,13143.4,13150.0,0.2211680357002509,55.158730158730165
2020-12-02,13162.45,13150.0,0.20195320825136434,46.82539682539682
2020-12-03,13191.85,13200.0,0.20195320825136434,46.62698412698413
2020-12-04,13311.6,13300.0,0.13525401835565662,12.3015873015873
2020-12-07,13387.6,13400.0,0.1668637464197443,26.190476190476193
2020-12-08,13428.15,13450.0,0.17477850595639569,28.968253968253972
2020-12-09,13567.7,13550.0,0.17804003213897837,29.365079365079367
2020-12-10,13524.35,13500.0,0.17804003213897837,29.166666666666668
2020-12-11,13518.35,13500.0,0.15225908116986375,20.238095238095237
2020-12-14,13571.6,13550.0,0.1851579473543445,34.12698412698413
2020-12-15,13584.95,13600.0,0.18187332356963787,30.952380952380953
2020-12-16,13699.45,13700.0,0.16895434525122016,25.396825396825395
2020-12-17,13754.4,13750.0,0.16895434525122016,25.198412698412696
2020-12-18,13774.05,13750.0,0.1360539676038327,11.11111111111111
2020-12-21,13329.75,13350.0,0.27582592320441324,69.84126984126983
2020-12-22,13487.5,13500.0,0.2069792560781029,48.01587301587302
2020-12-23,13612.45,13600.0,0.16317882604933492,19.444444444444446
2020-12-24,13763.75,13750.0,0.16317882604933492,19.246031746031747
2020-12-28,13890.55,13900.0,0.17443890344361712,26.190476190476193
2020-12-29,13935.05,13950.0,0.18072937854058496,29.365079365079367
2020-12-30,13977.45,14000.0,0.1663894480504163,20.238095238095237
2020-12-31,13981.75,14000.0,0.1663894480504163,20.03968253968254
2021-01-01,14053.85,14050.0,0.14546515502699475,12.698412698412698
2021-01-04,14165.3,14150.0,0.15883215505272685,16.26984126984127
2021-01-05,14217.95,14200.0,0.17483927872558236,26.190476190476193
2021-01-06,14189.45,14200.0,0.1925375702316082,40.476190476190474
2021-01-07,14191.1,14200.0,0.1925375702316082,40.27777777777778
2021-01-08,14370.9,14350.0,0.14927340864460417,12.3015873015873
2021-01-11,14489.25,14500.0,0.18198417341102768,29.365079365079367
2021-01-12,14597.95,14600.0,0.1792381536375915,26.984126984126984
2021-01-13,14606.15,14600.0,0.15869157718835278,14.682539682539684
2021-01-14,14628.1,14650.0,0.15869157718835278,14.484126984126986
2021-01-15,14458.5,14450.0,0.19361115607351337,41.269841269841265
2021-01-18,14287.25,14300.0,0.22806943325066104,58.333333333333336
2021-01-19,14570.0,14550.0,0.18039411548063095,26.984126984126984
2021-01-20,14645.15,14650.0,0.14529564790418736,9.920634920634921
2021-01-21,14598.65,14600.0,0.14529564790418736,9.722222222222223
2021-01-22,14380.15,14400.0,0.1905190200981512,36.507936507936506
2021-01-25,14253.15,14250.0,0.19293105740379374,39.682539682539684
2021-01-27,13982.55,14000.0,0.22141362519729624,54.36507936507936
2021-01-28,13817.55,13800.0,0.22141362519729624,54.166666666666664
2021-01-29,13709.1,13700.0,0.3096972871552872,76.98412698412699
2021-02-01,14351.25,14350.0,0.25619476755551124,64.28571428571429
2021-02-02,14696.0,14700.0,0.2371868187009649,59.12698412698413
2021-02-03,14820.55,14800.0,0.22038419986752905,51.19047619047619
2021-02-04,14895.35,14900.0,0.22038419986752905,50.99206349206349
2021-02-05,14930.65,14950.0,0.20043936141335045,42.46031746031746
2021-02-08,15126.5,15150.0,0.21889289561989,50.0
2021-02-09,15105.75,15100.0,0.23663264483477559,59.12698412698413
2021-02-10,15119.55,15100.0,0.21794787110167707,48.41269841269841
2021-02-11,15184.95,15200.0,0.21794787110167707,48.214285714285715
2021-02-12,15161.45,15150.0,0.16125092346641612,9.523809523809524
2021-02-15,15332.2,15350.0,0.170602767608252,17.063492063492063
2021-02-16,15330.25,15350.0,0.1777411353205317,19.444444444444446
2021-02-17,15207.05,15200.0,0.19086845765757599,32.53968253968254
2021-02-18,15116.1,15100.0,0.19086845765757599,32.34126984126984
2021-02-19,14987.0,15000.0,0.17237076093323964,16.26984126984127
2021-02-22,14672.65,14650.0,0.22947111298068917,57.14285714285714
2021-02-23,14711.55,14700.0,0.2192115569392334,49.2063492063492
2021-02-24,14993.75,15000.0,0.21232174179148855,44.84126984126984
2021-02-25,15097.35,15100.0,0.21232174179148855,44.642857142857146
2021-02-26,14578.45,14600.0,0.275922207401445,69.44444444444444
2021-03-01,14797.75,14800.0,0.26997513105149035,66.66666666666666
2021-03-02,14958.15,14950.0,0.21903999918346806,48.01587301587302
2021-03-03,15298.85,15300.0,0.19605395032588013,36.11111111111111
2021-03-04,15106.25,15100.0,0.19605395032588013,36.30952380952381
2021-03-05,14953.05,14950.0,0.25907029339309173,65.47619047619048
2021-03-08,14969.0,14950.0,0.2938222809958022,73.01587301587301
2021-03-09,15134.75,15150.0,0.23308160055567717,57.936507936507944
2021-03-10,15209.3,15200.0,0.23308160055567717,58.13492063492064
2021-03-12,15051.4,15050.0,0.21264892415156655,44.44444444444444
2021-03-15,14968.75,14950.0,0.244962311448419,62.698412698412696
2021-03-16,14959.7,14950.0,0.24736940768593293,64.28571428571429
2021-03-17,14771.3,14750.0,0.2511620091126091,64.68253968253968
2021-03-18,14577.05,14600.0,0.2511620091126091,64.88095238095238
2021-03-19,14756.45,14750.0,0.22065938111519862,51.98412698412699
2021-03-22,14741.6,14750.0,0.2472327869404705,64.68253968253968
2021-03-23,14832.9,14850.0,0.22176559538246787,54.36507936507936
2021-03-24,14555.3,14550.0,0.25704302068681284,68.65079365079364
2021-03-25,14324.9,14300.0,0.25704302068681284,68.84920634920636
2021-03-26,14608.5,14600.0,0.1879993922902839,26.58730158730159
2021-03-31,14752.3,14750.0,0.25633682150703946,68.65079365079364
2021-04-01,14953.35,14950.0,0.25633682150703946,68.84920634920636
2021-04-05,14698.45,14700.0,0.23943516549219393,62.698412698412696
2021-04-06,14751.45,14750.0,0.23148400444933803,59.12698412698413
2021-04-07,14888.0,14900.0,0.22363931332840048,56.74603174603175
2021-04-08,14924.4,14900.0,0.22363931332840048,56.94444444444444
2021-04-09,14889.4,14900.0,0.17017072025713248,13.88888888888889
2021-04-12,14343.25,14350.0,0.26431481303829873,74.20634920634922
2021-04-13,14541.15,14550.0,0.17264701379128208,15.476190476190476
2021-04-15,14592.0,14600.0,0.17264701379128208,15.674603174603174
2021-04-16,14645.7,14650.0,0.1840436503772845,24.6031746031746
2021-04-19,14374.15,14350.0,0.24270796885343365,67.06349206349206
2021-04-20,14296.2,14300.0,0.21195389316838778,45.63492063492063
2021-04-22,14403.6,14400.0,0.21195389316838778,45.83333333333333
2021-04-23,14338.6,14350.0,0.22634719476870124,60.71428571428571
2021-04-26,14486.2,14500.0,0.25111895889220825,71.03174603174604
2021-04-27,14644.7,14650.0,0.22133052886492635,55.55555555555556
2021-04-28,14855.3,14850.0,0.23047747167794153,62.698412698412696
2021-04-29,14894.9,14900.0,0.23047747167794153,62.89682539682539
2021-04-30,14690.8,14700.0,0.22489782159466232,60.317460317460316
2021-05-03,14685.8,14700.0,0.2502307891650518,72.61904761904762
2021-05-04,14549.3,14550.0,0.2544755336160969,75.39682539682539
2021-05-05,14679.1,14700.0,0.24416739180113273,70.23809523809523
2021-05-06,14769.95,14750.0,0.24416739180113273,70.43650793650794
2021-05-07,14869.55,14850.0,0.18122505262499977,21.825396825396826
2021-05-10,14984.65,15000.0,0.2037089987499579,42.46031746031746
2021-05-11,14878.25,14900.0,0.20589589061070912,43.25396825396825
2021-05-12,14710.05,14700.0,0.20589589061070912,43.452380952380956
2021-05-14,14714.95,14700.0,0.16771784570787748,11.507936507936508
2021-05-17,14952.1,14950.0,0.17961086885411892,21.03174603174603
2021-05-18,15144.85,15150.0,0.17823289926604752,19.841269841269842
2021-05-19,15059.45,15050.0,0.19624902191809007,40.476190476190474
2021-05-20,14933.25,14950.0,0.19624902191809007,40.67460317460318
2021-05-21,15206.2,15200.0,0.14971812053887648,3.571428571428571
2021-05-24,15202.65,15200.0,0.1717811409824822,15.873015873015872
2021-05-25,15218.0,15200.0,0.1658303360513645,9.126984126984127
2021-05-26,15303.0,15300.0,0.16382652515913043,7.936507936507936
2021-05-27,15337.85,15350.0,0.16382652515913043,8.134920634920634
2021-05-28,15463.85,15450.0,0.13691575342686785,1.1904761904761905
2021-05-31,15583.2,15600.0,0.15695783092226911,4.761904761904762
2021-06-01,15618.15,15600.0,0.15562755693334526,4.761904761904762
2021-06-02,15616.75,15600.0,0.1447562208234766,1.984126984126984
2021-06-03,15712.4,15700.0,0.1447562208234766,2.1825396825396823
2021-06-04,15700.85,15700.0,0.12468787221497367,0.3968253968253968
2021-06-07,15784.85,15800.0,0.1473694821183072,4.365079365079365
2021-06-08,15768.6,15750.0,0.13904874649750631,1.984126984126984
2021-06-09,15660.25,15650.0,0.14753590331820124,5.555555555555555
2021-06-10,15751.25,15750.0,0.14753590331820124,5.753968253968254
2021-06-11,15817.3,15800.0,0.11171337971047976,0.3968253968253968
2021-06-14,15832.65,15850.0,0.13229001534117812,1.1904761904761905
2021-06-15,15879.0,15900.0,0.13584069598221743,1.984126984126984
2021-06-16,15790.2,15800.0,0.16620538818948694,15.476190476190476
2021-06-17,15692.15,15700.0,0.16620538818948694,15.674603174603174
2021-06-18,15696.7,15700.0,0.12768776375695948,1.1904761904761905
2021-06-21,15743.8,15750.0,0.14816418032595557,7.936507936507936
2021-06-22,15773.25,15750.0,0.14694552636027597,6.349206349206349
2021-06-23,15695.9,15700.0,0.16850549630520262,20.634920634920633
2021-06-24,15790.45,15800.0,0.16850549630520262,20.833333333333336
2021-06-25,15888.0,15900.0,0.11214372484910441,0.7936507936507936
2021-06-28,15854.95,15850.0,0.14863907159892653,9.126984126984127
2021-06-29,15785.6,15800.0,0.13900969524655465,3.968253968253968
2021-06-30,15752.15,15750.0,0.13164348088762348,1.984126984126984
2021-07-01,15710.6,15700.0,0.13164348088762348,2.1825396825396823
2021-07-02,15741.55,15750.0,0.09381231265993717,0.3968253968253968
2021-07-05,15858.1,15850.0,0.10484137714396302,0.7936507936507936
2021-07-06,15837.45,15850.0,0.10978685620155666,1.1904761904761905
2021-07-07,15886.4,15900.0,0.11467822020951637,2.380952380952381
2021-07-08,15735.4,15750.0,0.11467822020951637,2.579365079365079
2021-07-09,15722.45,15700.0,0.10798690735288377,1.1904761904761905
2021-07-12,15711.95,15700.0,0.12336008549516601,3.571428571428571
2021-07-13,15833.8,15850.0,0.11288343777042166,2.7777777777777777
2021-07-14,15869.05,15850.0,0.11282473838078899,2.7777777777777777
2021-07-15,15937.3,15950.0,0.11282473838078899,2.976190476190476
2021-07-16,15936.0,15950.0,0.09202971220613976,0.3968253968253968
2021-07-19,15752.4,15750.0,0.11506858912377523,5.158730158730158
2021-07-20,15637.2,15650.0,0.11254171384110245,3.1746031746031744
2021-07-22,15816.9,15800.0,0.11254171384110245,3.373015873015873
2021-07-23,15853.1,15850.0,0.09549117878856371,1.1904761904761905
2021-07-26,15820.45,15800.0,0.12287825009460634,6.746031746031746
2021-07-27,15734.65,15750.0,0.13086662052148468,8.333333333333332
2021-07-28,15709.1,15700.0,0.14100552576348707,12.3015873015873
2021-07-29,15778.45,15800.0,0.14100552576348707,12.5
2021-07-30,15777.25,15800.0,0.102105904152519,1.5873015873015872
2021-08-02,15909.0,15900.0,0.11309323595110042,5.952380952380952
2021-08-03,16146.5,16150.0,0.13988753328594142,13.095238095238097
2021-08-04,16260.8,16250.0,0.13190431844581152,10.317460317460316
2021-08-05,16300.65,16300.0,0.13190431844581152,10.515873015873016
2021-08-06,16251.7,16250.0,0.10390189262560948,1.984126984126984
2021-08-09,16262.95,16250.0,0.11772519426406075,7.936507936507936
2021-08-10,16276.95,16300.0,0.11919572041615652,8.333333333333332
2021-08-11,16283.35,16300.0,0.12526075616004387,9.920634920634921
2021-08-12,16358.6,16350.0,0.12526075616004387,10.119047619047619
2021-08-13,16517.35,16500.0,0.10765731210567783,2.7777777777777777
2021-08-16,16559.45,16550.0,0.13288377798450046,13.88888888888889
2021-08-17,16595.85,16600.0,0.12060183955069181,9.126984126984127
2021-08-18,16572.3,16550.0,0.12060183955069181,9.325396825396826
2021-08-20,16433.7,16450.0,0.1164278003721497,8.333333333333332
2021-08-23,16494.25,16500.0,0.12964966600029998,12.698412698412698
2021-08-24,16620.25,16600.0,0.11712959229869492,8.73015873015873
2021-08-25,16632.35,16650.0,0.11924037384381816,9.920634920634921
2021-08-26,16636.9,16650.0,0.11924037384381816,10.119047619047619
2021-08-27,16718.15,16700.0,0.10915671668674057,3.571428571428571
2021-08-30,16942.4,16950.0,0.12506783437540867,13.095238095238097
2021-08-31,17122.25,17100.0,0.13974021614789148,20.238095238095237
2021-09-01,17096.95,17100.0,0.12313811394520055,12.3015873015873
2021-09-02,17247.25,17250.0,0.12313811394520055,12.5
2021-09-03,17329.35,17350.0,0.11497925600917043,8.333333333333332
2021-09-06,17404.65,17400.0,0.14244237296029733,23.015873015873016
2021-09-07,17375.8,17400.0,0.1325049591174543,18.650793650793652
2021-09-08,17370.9,17350.0,0.12521967406822246,14.682539682539684
2021-09-09,17364.3,17350.0,0.12521967406822246,14.880952380952381
2021-09-13,17359.3,17350.0,0.12562925025583754,16.26984126984127
2021-09-14,17384.95,17400.0,0.11539106063514123,9.126984126984127
2021-09-15,17535.45,17550.0,0.1063151762993885,2.7777777777777777
2021-09-16,17611.25,17600.0,0.1063151762993885,2.976190476190476
2021-09-17,17603.15,17600.0,0.11438150641483928,8.333333333333332
2021-09-20,17386.65,17400.0,0.1820725594590818,53.96825396825397
2021-09-21,17559.3,17550.0,0.1506829979650426,31.746031746031743
2021-09-22,17568.5,17550.0,0.17286238689843397,47.22222222222222
2021-09-23,17833.1,17850.0,0.17286238689843397,47.42063492063492
2021-09-24,17853.6,17850.0,0.13155220192617784,19.444444444444446
2021-09-27,17856.75,17850.0,0.15508741367627774,32.93650793650794
2021-09-28,17748.2,17750.0,0.16193421235824648,36.507936507936506
2021-09-29,17708.0,17700.0,0.17516959604849353,49.2063492063492
2021-09-30,17618.15,17600.0,0.17516959604849353,49.404761904761905
2021-10-01,17530.2,17550.0,0.14403567957727953,26.984126984126984
2021-10-04,17706.25,17700.0,0.15094064849212496,32.93650793650794
2021-10-05,17829.75,17850.0,0.13790291016955591,24.206349206349206
2021-10-06,17627.2,17650.0,0.16564314475850372,41.269841269841265
2021-10-07,17808.15,17800.0,0.16564314475850372,41.46825396825397
2021-10-08,17900.1,17900.0,0.11986267595808074,13.095238095238097
2021-10-11,17973.05,17950.0,0.14609091944893587,30.158730158730158
2021-10-12,18002.55,18000.0,0.14766234216711027,32.142857142857146
2021-10-13,18172.75,18150.0,0.14959046331224934,33.730158730158735
2021-10-14,18355.0,18350.0,0.14959046331224934,33.92857142857143
2021-10-18,18495.4,18500.0,0.15322931737091047,36.11111111111111
2021-10-19,18432.45,18450.0,0.17393901969401362,52.38095238095239
2021-10-20,18316.7,18300.0,0.17447222252767147,53.17460317460318
2021-10-21,18202.9,18200.0,0.17447222252767147,53.37301587301587
2021-10-22,18144.55,18150.0,0.14587510644127233,30.158730158730158
2021-10-25,18145.45,18150.0,0.1824461831898443,61.111111111111114
2021-10-26,18314.15,18300.0,0.16078226268331447,40.07936507936508
2021-10-27,18215.25,18200.0,0.17638159392291694,56.34920634920635
2021-10-28,17857.25,17850.0,0.17638159392291694,56.547619047619044
2021-10-29,17715.3,17700.0,0.16613573078958221,45.63492063492063
2021-11-01,18008.45,18000.0,0.17985152603011578,59.92063492063492
2021-11-02,17916.25,17900.0,0.17841025045836628,58.730158730158735
2021-11-03,17847.15,17850.0,0.17841025045836628,58.92857142857143
2021-11-04,17916.7,17900.0,0.12363424577114057,15.873015873015872
2021-11-08,18122.75,18100.0,0.15072473677821174,36.11111111111111
2021-11-09,18070.4,18050.0,0.15831699677159075,39.285714285714285
2021-11-10,18022.95,18000.0,0.16957835787039266,51.19047619047619
2021-11-11,17896.85,17900.0,0.16957835787039266,51.388888888888886
2021-11-12,18133.45,18150.0,0.1189965856099566,11.904761904761903
2021-11-15,18141.0,18150.0,0.149610926549879,35.714285714285715
2021-11-16,18004.0,18000.0,0.15620191965128066,39.285714285714285
2021-11-17,17909.15,17900.0,0.15424818698631013,38.492063492063494
2021-11-18,17792.9,17800.0,0.15424818698631013,38.69047619047619
2021-11-22,17435.05,17450.0,0.18377254955192074,67.46031746031747
2021-11-23,17495.25,17500.0,0.16722798100026975,50.79365079365079
2021-11-24,17408.1,17400.0,0.16219914105178893,44.44444444444444
2021-11-25,17536.25,17550.0,0.16219914105178893,44.24603174603175
2021-11-26,17052.15,17050.0,0.18904769880468097,69.84126984126983
2021-11-29,17094.9,17100.0,0.21840760273390958,80.15873015873017
2021-11-30,17033.6,17050.0,0.2191587465070607,80.95238095238095
2021-12-01,17221.9,17200.0,0.1873321320861319,68.25396825396825
2021-12-02,17432.65,17450.0,0.1873321320861319,68.05555555555556
2021-12-03,17239.0,17250.0,0.1648630197284751,46.42857142857143
2021-12-06,16957.15,16950.0,0.21044365700845372,76.98412698412699
2021-12-07,17225.4,17250.0,0.18941039843360669,69.84126984126983
2021-12-08,17513.65,17500.0,0.1609896643602765,42.857142857142854
2021-12-09,17561.4,17550.0,0.1609896643602765,43.05555555555556
2021-12-10,17559.35,17550.0,0.136594932362426,25.0
2021-12-13,17446.85,17450.0,0.18374442723609025,67.85714285714286
2021-12-14,17355.05,17350.0,0.18531588277202055,69.04761904761905
2021-12-15,17260.8,17250.0,0.2056772582196542,76.19047619047619
2021-12-16,17317.5,17300.0,0.2056772582196542,75.9920634920635
2021-12-17,17023.5,17000.0,0.16482863299686262,46.82539682539682
2021-12-20,16635.05,16650.0,0.2218131427062608,85.31746031746032
2021-12-21,16800.95,16800.0,0.20959333878685663,76.98412698412699
2021-12-22,16973.35,16950.0,0.1738337179888655,56.74603174603175
2021-12-23,17078.45,17100.0,0.1738337179888655,56.94444444444444
2021-12-24,17003.8,17000.0,0.15105036280776135,37.698412698412696
2021-12-27,17103.4,17100.0,0.1829788346997126,65.87301587301587
2021-12-28,17246.75,17250.0,0.15851939509616425,40.87301587301587
2021-12-29,17215.9,17200.0,0.16438944310458223,46.82539682539682
2021-12-30,17203.95,17200.0,0.16438944310458223,47.023809523809526
2021-12-31,17409.95,17400.0,0.13534107434211207,23.809523809523807
2022-01-03,17677.95,17700.0,0.16654808430263587,51.19047619047619
2022-01-04,17846.75,17850.0,0.14365041066777914,28.57142857142857
2022-01-05,17960.95,17950.0,0.14466305906587756,29.365079365079367
2022-01-06,17788.65,17800.0,0.14466305906587756,29.563492063492063
2022-01-07,17854.3,17850.0,0.15062338839849998,37.698412698412696
2022-01-10,18048.2,18050.0,0.16878596825057862,53.57142857142857
2022-01-11,18083.55,18100.0,0.17096783301612245,55.158730158730165
2022-01-12,18241.2,18250.0,0.1557151813659964,41.269841269841265
2022-01-13,18287.25,18300.0,0.1557151813659964,41.46825396825397
2022-01-14,18295.0,18300.0,0.13569450882663292,24.206349206349206
2022-01-17,18336.6,18350.0,0.15218047546856522,39.285714285714285
2022-01-18,18124.35,18100.0,0.181864848787058,66.26984126984127
2022-01-19,17974.1,17950.0,0.15466829304327961,40.87301587301587
2022-01-20,17804.1,17800.0,0.15466829304327961,41.07142857142857
2022-01-21,17617.8,17600.0,0.1626959217136293,47.61904761904761
2022-01-24,17151.65,17150.0,0.25472988199791285,95.63492063492063
2022-01-25,17283.45,17300.0,0.19307033975945848,73.01587301587301
2022-01-27,17110.15,17100.0,0.19307033975945848,72.81746031746032
2022-01-28,17125.65,17150.0,0.2850740122885179,99.20634920634922
2022-01-31,17361.95,17350.0,0.3759803389326535,100.0
2022-02-01,17589.0,17600.0,0.26411668982403125,97.22222222222221
2022-02-02,17795.9,17800.0,0.17951567479439717,63.888888888888886
2022-02-03,17547.1,17550.0,0.17951567479439717,64.0873015873016
2022-02-04,17529.65,17550.0,0.16397612400875128,48.01587301587302
2022-02-07,17218.3,17200.0,0.21742165302886052,79.76190476190477
2022-02-08,17273.0,17250.0,0.18915594989845014,71.03174603174604
2022-02-09,17480.15,17500.0,0.16141533183538198,45.63492063492063
2022-02-10,17617.65,17600.0,0.16141533183538198,45.83333333333333
2022-02-11,17355.8,17350.0,0.16648095377760305,53.17460317460318
2022-02-14,16837.85,16850.0,0.2865689414859868,99.20634920634922
2022-02-15,17360.65,17350.0,0.2333928410841286,89.28571428571429
2022-02-16,17317.35,17300.0,0.22929577165315496,86.90476190476191
2022-02-17,17290.2,17300.0,0.22929577165315496,86.70634920634922
2022-02-18,17278.05,17300.0,0.21642084262798655,80.95238095238095
2022-02-21,17205.2,17200.0,0.24216211477643135,90.07936507936508
2022-02-22,17073.6,17050.0,0.27688558744233494,98.4126984126984
2022-02-23,17080.65,17100.0,0.22893303738455129,85.31746031746032
2022-02-24,16247.95,16250.0,0.22893303738455129,85.11904761904762
2022-02-25,16656.05,16650.0,0.2817975801336273,98.4126984126984
2022-02-28,16794.25,16800.0,0.3607956163526533,99.60317460317461
2022-03-02,16613.45,16600.0,0.4091305035642131,100.0
2022-03-03,16505.6,16500.0,0.4091305035642131,99.8015873015873
2022-03-04,16258.95,16250.0,0.2958888754614578,98.4126984126984
2022-03-07,15872.2,15850.0,0.40636937198863154,99.20634920634922
2022-03-08,16010.9,16000.0,0.38827304154209175,98.80952380952381
2022-03-09,16365.7,16350.0,0.34349460933309195,97.61904761904762
2022-03-10,16611.9,16600.0,0.34349460933309195,97.42063492063492
2022-03-11,16647.75,16650.0,0.2667131176402686,94.44444444444444
2022-03-14,16885.4,16900.0,0.3315309512188258,96.82539682539682
2022-03-15,16669.0,16650.0,0.3650800929586457,98.01587301587301
2022-03-16,17008.75,17000.0,0.35231655463181044,97.22222222222221
2022-03-17,17322.05,17300.0,0.35231655463181044,97.02380952380952
2022-03-21,17158.65,17150.0,0.3038986734897743,95.23809523809523
2022-03-22,17362.8,17350.0,0.26852123553307183,92.85714285714286
2022-03-23,17272.25,17250.0,0.26851327723789803,92.46031746031747
2022-03-24,17242.8,17250.0,0.26851327723789803,92.26190476190477
2022-03-25,17194.05,17200.0,0.20299285665298583,73.01587301587301
2022-03-28,17268.95,17250.0,0.2122696477891982,76.98412698412699
2022-03-29,17368.05,17350.0,0.17697382704804399,62.698412698412696
2022-03-30,17515.4,17500.0,0.18314289477238488,67.85714285714286
2022-03-31,17464.75,17450.0,0.18314289477238488,68.05555555555556
2022-04-01,17713.0,17700.0,0.1477549949223722,34.12698412698413
2022-04-04,18098.2,18100.0,0.16992457344938117,56.74603174603175
2022-04-05,18017.5,18000.0,0.17092940143609348,57.53968253968254
2022-04-06,17867.45,17850.0,0.16678201571314527,53.96825396825397
2022-04-07,17730.35,17750.0,0.16678201571314527,54.166666666666664
2022-04-08,17878.75,17900.0,0.153931197018139,39.682539682539684
2022-04-11,17723.95,17700.0,0.1790410351192192,66.66666666666666
2022-04-12,17576.8,17600.0,0.16965753908525188,57.936507936507944
2022-04-13,17519.25,17500.0,0.16965753908525188,58.13492063492064
2022-04-18,17229.6,17250.0,0.1997852221821969,76.98412698412699
2022-04-19,16969.35,16950.0,0.19002363300418246,75.39682539682539
2022-04-20,17162.7,17150.0,0.1809722872595445,68.65079365079364
2022-04-21,17410.15,17400.0,0.1809722872595445,68.45238095238095
2022-04-22,17177.75,17200.0,0.1635667517597628,48.41269841269841
2022-04-25,16958.35,16950.0,0.22898469633630636,86.11111111111111
2022-04-26,17204.0,17200.0,0.18557508319524574,73.4126984126984
2022-04-27,17053.8,17050.0,0.2156147151231232,81.74603174603175
2022-04-28,17245.05,17250.0,0.2156147151231232,81.94444444444444
2022-04-29,17135.25,17150.0,0.1636119821580867,48.80952380952381
2022-05-02,17084.25,17100.0,0.2021805811013796,78.57142857142857
2022-05-04,16702.5,16700.0,0.2632601914076945,90.87301587301587
2022-05-05,16694.3,16700.0,0.2632601914076945,90.67460317460318
2022-05-06,16419.4,16400.0,0.21529689498295834,82.53968253968253
2022-05-09,16298.85,16300.0,0.2517009470671225,89.28571428571429
2022-05-10,16247.1,16250.0,0.2517299793768666,89.68253968253968
2022-05-11,16177.95,16200.0,0.25556247857513853,90.07936507936508
2022-05-12,15810.75,15800.0,0.25556247857513853,89.88095238095238
2022-05-13,15786.6,15800.0,0.21984001588630428,84.92063492063492
2022-05-16,15842.6,15850.0,0.2630390113998465,90.07936507936508
2022-05-17,16254.95,16250.0,0.2396081738327,87.3015873015873
2022-05-18,16226.05,16250.0,0.22082926711865913,84.12698412698413
2022-05-19,15769.45,15750.0,0.22082926711865913,83.92857142857143
2022-05-20,16253.25,16250.0,0.21240597428585492,80.15873015873017
2022-05-23,16183.35,16200.0,0.2588520875769298,89.68253968253968
2022-05-24,16104.7,16100.0,0.26909322888026066,92.85714285714286
2022-05-25,16013.8,16000.0,0.2779486152574274,93.25396825396825
2022-05-26,16170.15,16150.0,0.2779486152574274,93.05555555555556
2022-05-27,16326.9,16350.0,0.19470793692701183,75.0
2022-05-30,16643.45,16650.0,0.21769770668160454,80.55555555555556
2022-05-31,16577.6,16600.0,0.2306938560434741,84.92063492063492
2022-06-01,16508.1,16500.0,0.2341641367551187,85.31746031746032
2022-06-02,16621.2,16600.0,0.2341641367551187,85.11904761904762
2022-06-03,16604.65,16600.0,0.18430340391590505,69.04761904761905
2022-06-06,16581.25,16600.0,0.21661743242595327,78.57142857142857
2022-06-07,16429.25,16450.0,0.22302244443478647,81.74603174603175
2022-06-08,16364.8,16350.0,0.19453128804010167,72.22222222222221
2022-06-09,16475.45,16500.0,0.19453128804010167,72.02380952380952
2022-06-10,16219.35,16200.0,0.18564988153853926,68.25396825396825
2022-06-13,15766.25,15750.0,0.26110987453456225,88.4920634920635
2022-06-14,15737.45,15750.0,0.26745093021348315,90.47619047619048
2022-06-15,15708.65,15700.0,0.33769990097945585,95.63492063492063
2022-06-16,15348.55,15350.0,0.33769990097945585,95.43650793650794
2022-06-17,15319.25,15300.0,0.24260803493597846,84.52380952380952
2022-06-20,15347.65,15350.0,0.2557026866585945,86.5079365079365
2022-06-21,15638.4,15650.0,0.2172238966215675,75.79365079365078
2022-06-22,15403.4,15400.0,0.24385829559067287,84.12698412698413
2022-06-23,15572.95,15550.0,0.24385829559067287,83.92857142857143
2022-06-24,15712.3,15700.0,0.1913403655291674,67.06349206349206
2022-06-27,15835.55,15850.0,0.21843099858113826,76.19047619047619
2022-06-28,15847.7,15850.0,0.2151723656972666,72.22222222222221
2022-06-29,15779.9,15800.0,0.24830824604280016,84.12698412698413
2022-06-30,15780.25,15800.0,0.24830824604280016,83.92857142857143
2022-07-01,15754.25,15750.0,0.18981125251331393,64.68253968253968
2022-07-04,15836.95,15850.0,0.2091138284015746,69.44444444444444
2022-07-05,15776.05,15800.0,0.20721759617738228,69.04761904761905
2022-07-06,15990.45,16000.0,0.21777630163542872,74.60317460317461
2022-07-07,16148.15,16150.0,0.21777630163542872,74.40476190476191
2022-07-08,16225.2,16250.0,0.1585966822578798,35.317460317460316
2022-07-11,16203.5,16200.0,0.19002564854106702,63.49206349206349
2022-07-12,16044.25,16050.0,0.20143428148566458,66.26984126984127
2022-07-13,15979.9,16000.0,0.23684578239539855,81.34920634920636
2022-07-14,15932.55,15950.0,0.23684578239539855,81.15079365079364
2022-07-15,16068.3,16050.0,0.14701473405327564,24.206349206349206
2022-07-18,16300.25,16300.0,0.16144062415654592,35.714285714285715
2022-07-19,16346.95,16350.0,0.1639319912366965,38.095238095238095
2022-07-20,16519.6,16500.0,0.1615951788846121,35.317460317460316
2022-07-21,16597.5,16600.0,0.1615951788846121,35.11904761904761
2022-07-22,16722.6,16700.0,0.14765950868631844,22.61904761904762
2022-07-25,16632.1,16650.0,0.17293797794078314,47.22222222222222
2022-07-26,16491.3,16500.0,0.17764502967982632,51.19047619047619
2022-07-27,16653.3,16650.0,0.2269933653677011,76.98412698412699
2022-07-28,16929.6,16950.0,0.2269933653677011,76.78571428571429
2022-07-29,17201.85,17200.0,0.13966660430996,15.873015873015872
2022-08-01,17378.3,17400.0,0.16957064370177186,42.06349206349206
2022-08-02,17346.3,17350.0,0.18157414395852847,53.57142857142857
2022-08-03,17407.15,17400.0,0.18601474672936497,58.333333333333336
2022-08-04,17387.85,17400.0,0.18601474672936497,58.13492063492064
2022-08-05,17416.15,17400.0,0.15715008905016262,27.77777777777778
2022-08-08,17557.75,17550.0,0.16843590918699186,40.07936507936508
2022-08-10,17558.25,17550.0,0.21427509822657767,68.65079365079364
2022-08-11,17684.95,17700.0,0.21427509822657767,68.45238095238095
2022-08-12,17713.05,17700.0,0.11868387052604017,3.968253968253968
2022-08-16,17850.65,17850.0,0.14659692234970123,17.063492063492063
2022-08-17,17974.1,17950.0,0.15996092661712552,27.77777777777778
2022-08-18,17980.35,18000.0,0.15996092661712552,27.579365079365083
2022-08-19,17759.5,17750.0,0.14354691253494695,13.492063492063492
2022-08-22,17492.25,17500.0,0.17314495800077817,44.047619047619044
2022-08-23,17585.55,17600.0,0.16044376636474728,27.380952380952383
2022-08-24,17617.25,17600.0,0.16425135089223727,33.730158730158735
2022-08-25,17522.45,17500.0,0.16425135089223727,33.53174603174603
2022-08-26,17653.75,17650.0,0.15374909419754676,20.238095238095237
2022-08-29,17370.25,17350.0,0.18836450354523637,58.333333333333336
2022-08-30,17827.5,17850.0,0.1509008545906286,17.857142857142858
2022-09-01,17592.4,17600.0,0.1509008545906286,17.658730158730158
2022-09-02,17562.75,17550.0,0.17323123381711042,43.65079365079365
2022-09-05,17710.0,17700.0,0.19798523468910406,63.095238095238095
2022-09-06,17682.95,17700.0,0.20158339393513125,63.888888888888886
2022-09-07,17651.05,17650.0,0.21566557024548255,70.23809523809523
2022-09-08,17824.35,17800.0,0.21566557024548255,70.03968253968253
2022-09-09,17866.45,17850.0,0.14728492929035797,11.507936507936508
2022-09-12,17964.35,17950.0,0.17856161221074487,47.22222222222222
2022-09-13,18105.5,18100.0,0.17664541518825938,45.23809523809524
2022-09-14,18020.4,18000.0,0.21792837133249193,73.01587301587301
2022-09-15,17891.8,17900.0,0.21792837133249193,72.81746031746032
2022-09-16,17566.15,17550.0,0.18476139275181003,52.77777777777778
2022-09-19,17628.0,17650.0,0.22282831547917964,75.79365079365078
2022-09-20,17825.65,17850.0,0.20960351543526978,64.68253968253968
2022-09-21,17731.45,17750.0,0.32303217569963644,94.44444444444444
2022-09-22,17647.6,17650.0,0.32303217569963644,94.24603174603175
2022-09-23,17335.85,17350.0,0.20354454836369495,61.50793650793651
2022-09-26,17028.75,17050.0,0.2370026488134565,80.55555555555556
2022-09-27,17018.65,17000.0,0.23124398795535187,78.17460317460318
2022-09-28,16858.7,16850.0,0.22706441566588575,75.39682539682539
2022-09-29,16818.1,16800.0,0.22706441566588575,75.1984126984127
2022-09-30,17103.2,17100.0,0.1735211781298322,36.904761904761905
2022-10-03,16895.65,16900.0,0.2148139261132557,64.28571428571429
2022-10-04,17293.0,17300.0,0.16324467880439375,24.206349206349206
2022-10-06,17325.45,17350.0,0.16324467880439375,24.404761904761905
2022-10-07,17328.85,17350.0,0.1566913514396842,16.666666666666664
2022-10-10,17227.45,17250.0,0.19556838987579495,56.74603174603175
2022-10-11,16978.2,17000.0,0.21929327347972785,71.42857142857143
2022-10-12,17114.8,17100.0,0.23986445426299827,80.95238095238095
2022-10-13,17010.85,17000.0,0.23986445426299827,80.75396825396825
2022-10-14,17195.5,17200.0,0.1619031344820645,21.825396825396826
2022-10-17,17300.3,17300.0,0.19344454174786127,53.96825396825397
2022-10-18,17502.0,17500.0,0.17448773437300064,37.301587301587304
2022-10-19,17494.65,17500.0,0.17318093071357996,34.12698412698413
2022-10-20,17540.7,17550.0,0.17318093071357996,33.92857142857143
2022-10-21,17564.45,17550.0,0.12543908057455944,1.5873015873015872
2022-10-24,17732.55,17750.0,0.1355743796898478,2.380952380952381
2022-10-25,17654.95,17650.0,0.13106006525197536,1.984126984126984
2022-10-27,17736.95,17750.0,0.13106006525197536,2.1825396825396823
2022-10-28,17830.2,17850.0,0.13924256903362456,4.365079365079365
2022-10-31,18051.05,18050.0,0.1586966354769315,17.063492063492063
2022-11-01,18211.2,18200.0,0.1643895367692021,26.984126984126984
2022-11-02,18146.75,18150.0,0.2242408022219434,73.01587301587301
2022-11-03,18118.8,18100.0,0.2242408022219434,72.81746031746032
2022-11-04,18194.0,18200.0,0.1264570530525191,1.984126984126984
2022-11-07,18264.15,18250.0,0.1267361957057861,2.380952380952381
2022-11-09,18216.8,18200.0,0.15544814095149231,14.682539682539684
2022-11-10,18092.65,18100.0,0.15544814095149231,14.880952380952381
2022-11-11,18424.0,18400.0,0.11288378913492034,0.3968253968253968
2022-11-14,18379.2,18400.0,0.1361020053856109,4.761904761904762
2022-11-15,18462.05,18450.0,0.12616415514874185,1.984126984126984
2022-11-16,18451.85,18450.0,0.14217824471190713,6.746031746031746
2022-11-17,18378.4,18400.0,0.14217824471190713,6.944444444444445
2022-11-18,18355.9,18350.0,0.10874446614566585,0.3968253968253968
2022-11-21,18192.2,18200.0,0.12697177750715988,3.1746031746031744
2022-11-22,18281.0,18300.0,0.11256510411067075,0.7936507936507936
2022-11-23,18286.75,18300.0,0.11364492129411537,1.5873015873015872
2022-11-24,18484.1,18500.0,0.11364492129411537,1.7857142857142856
2022-11-25,18646.1,18650.0,0.1055123869752229,0.3968253968253968
2022-11-28,18694.1,18700.0,0.1326417508443745,5.952380952380952
2022-11-29,18733.6,18750.0,0.13935872195747734,8.73015873015873
2022-11-30,18874.5,18850.0,0.3015379936631816,93.25396825396825
2022-12-01,18948.3,18950.0,0.3015379936631816,93.05555555555556
2022-12-02,18812.55,18800.0,0.11227670335422008,1.1904761904761905
2022-12-05,18817.75,18800.0,0.14040336331530284,9.920634920634921
2022-12-06,18771.35,18750.0,0.15052986628584464,14.682539682539684
2022-12-07,18670.25,18650.0,0.16034314540193198,23.015873015873016
2022-12-08,18720.15,18700.0,0.16034314540193198,23.214285714285715
2022-12-09,18583.65,18600.0,0.10689385331029308,0.7936507936507936
2022-12-12,18605.2,18600.0,0.12847719101927335,5.952380952380952
2022-12-13,18703.85,18700.0,0.14455316038110216,12.698412698412698
2022-12-14,18748.9,18750.0,0.16330006704917485,28.968253968253972
2022-12-15,18467.0,18450.0,0.16330006704917485,28.76984126984127
2022-12-16,18328.65,18350.0,0.11317380952710127,2.7777777777777777
2022-12-19,18499.3,18500.0,0.12489749727850931,4.365079365079365
2022-12-20,18423.95,18400.0,0.12090726315387923,4.365079365079365
2022-12-21,18275.9,18300.0,0.18413231990866996,48.41269841269841
2022-12-22,18170.35,18150.0,0.18413231990866996,48.214285714285715
2022-12-23,17863.9,17850.0,0.14208051348272138,11.904761904761903
2022-12-26,18027.3,18050.0,0.15168612285098207,19.047619047619047
2022-12-27,18138.0,18150.0,0.1366990935684315,10.317460317460316
2022-12-28,18122.35,18100.0,0.1421157858650341,12.698412698412698
2022-12-29,18191.0,18200.0,0.1421157858650341,12.896825396825399
2022-12-30,18206.85,18200.0,0.12271852778204718,4.761904761904762
2023-01-02,18275.85,18300.0,0.15023700091568962,18.650793650793652
2023-01-03,18317.3,18300.0,0.13748043158086057,11.11111111111111
2023-01-04,18103.05,18100.0,0.16190085769077978,30.555555555555557
2023-01-05,18066.0,18050.0,0.16190085769077978,30.357142857142854
2023-01-06,17943.2,17950.0,0.12226766374198672,4.761904761904762
2023-01-09,18173.2,18150.0,0.12326929730655009,5.555555555555555
2023-01-10,17986.25,18000.0,0.1640342084390585,34.92063492063492
2023-01-11,17962.95,17950.0,0.16995810867565703,39.682539682539684
2023-01-12,17918.65,17900.0,0.16995810867565703,39.48412698412698
2023-01-13,18025.25,18050.0,0.11770935012733519,3.968253968253968
2023-01-16,17941.75,17950.0,0.14585180560221586,16.666666666666664
2023-01-17,18088.8,18100.0,0.13536212542216283,10.317460317460316
2023-01-18,18199.15,18200.0,0.13329635012003907,10.317460317460316
2023-01-19,18113.15,18100.0,0.13329635012003907,10.515873015873016
2023-01-20,18055.8,18050.0,0.10929462985350455,1.5873015873015872
2023-01-23,18148.15,18150.0,0.11828004486744642,4.761904761904762
2023-01-24,18128.25,18150.0,0.11974350011628386,5.555555555555555
2023-01-25,17891.95,17900.0,0.11974350011628386,5.753968253968254
2023-01-27,17687.15,17700.0,0.19977452955423292,57.14285714285714
2023-01-30,17741.75,17750.0,0.24878495404880924,82.93650793650794
2023-01-31,17798.65,17800.0,0.2870952376174158,92.06349206349206
2023-02-01,17677.25,17700.0,0.2528930880715344,83.33333333333334
2023-02-02,17685.25,17700.0,0.2528930880715344,83.53174603174604
2023-02-03,17902.15,17900.0,0.12909138350755203,10.714285714285714
2023-02-06,17805.95,17800.0,0.1592679653902268,26.984126984126984
2023-02-07,17782.65,17800.0,0.16341834956846668,34.12698412698413
2023-02-08,17909.25,17900.0,0.15681708922274407,25.793650793650798
2023-02-09,17945.85,17950.0,0.15681708922274407,25.992063492063494
2023-02-10,17877.1,17900.0,0.10202399087956256,0.3968253968253968
2023-02-13,17801.85,17800.0,0.13325500930197937,12.698412698412698
2023-02-14,17945.15,17950.0,0.13513748364285,13.88888888888889
2023-02-15,18035.15,18050.0,0.12431400539975171,8.333333333333332
2023-02-16,18062.85,18050.0,0.12431400539975171,8.531746031746032
2023-02-17,17951.0,17950.0,0.10486002801792263,0.7936507936507936
2023-02-20,17862.65,17850.0,0.1337421341008463,15.079365079365079
2023-02-21,17840.1,17850.0,0.1303861401885813,12.698412698412698
2023-02-22,17566.9,17550.0,0.1497251814599147,25.0
2023-02-23,17511.25,17500.0,0.1497251814599147,25.198412698412696
2023-02-24,17559.25,17550.0,0.11645231394133992,5.158730158730158
2023-02-27,17497.95,17500.0,0.14495864113544912,23.015873015873016
2023-02-28,17403.4,17400.0,0.14990944117606703,26.58730158730159
2023-03-01,17532.7,17550.0,0.16387287550362545,40.476190476190474
2023-03-02,17399.4,17400.0,0.16387287550362545,40.67460317460318
2023-03-03,17671.55,17650.0,0.08765086921899581,0.3968253968253968
2023-03-06,17774.95,17750.0,0.09454263572351568,0.7936507936507936
2023-03-08,17794.55,17800.0,0.12738539249270114,13.095238095238097
2023-03-09,17645.1,17650.0,0.12738539249270114,13.293650793650794
2023-03-10,17452.55,17450.0,0.11217326983206452,3.571428571428571
2023-03-13,17205.8,17200.0,0.1843292298471032,57.14285714285714
2023-03-14,17125.75,17150.0,0.1928787736747003,61.50793650793651
2023-03-15,17037.35,17050.0,0.19309283653466072,61.904761904761905
2023-03-16,17047.3,17050.0,0.19309283653466072,62.10317460317461
2023-03-17,17178.15,17200.0,0.1316363328491001,16.26984126984127
2023-03-20,17028.9,17050.0,0.17796872640821643,53.57142857142857
2023-03-21,17160.15,17150.0,0.16818703043557445,46.42857142857143
2023-03-22,17185.0,17200.0,0.200140344419031,67.06349206349206
2023-03-23,17087.5,17100.0,0.200140344419031,67.26190476190477
2023-03-24,16955.05,16950.0,0.13903677034302464,21.03174603174603
2023-03-27,17037.4,17050.0,0.16052968942183665,38.095238095238095
2023-03-28,16970.6,16950.0,0.16142681717560423,38.492063492063494
2023-03-29,17080.7,17100.0,0.16142681717560423,38.69047619047619
2023-03-31,17442.65,17450.0,0.11453829720828501,6.349206349206349
2023-04-03,17474.0,17450.0,0.10819138327152897,2.7777777777777777
2023-04-05,17622.0,17600.0,0.12280996647014622,10.714285714285714
2023-04-06,17644.2,17650.0,0.12280996647014622,10.912698412698413
2023-04-10,17681.5,17700.0,0.11195440084826788,3.968253968253968
2023-04-11,17788.2,17800.0,0.11017975655046412,3.968253968253968
2023-04-12,17858.25,17850.0,0.1283398287006997,16.666666666666664
2023-04-13,17879.65,17900.0,0.1283398287006997,16.865079365079367
2023-04-17,17760.1,17750.0,0.10890881416533883,3.571428571428571
2023-04-18,17712.35,17700.0,0.10634188912556952,2.380952380952381
2023-04-19,17649.65,17650.0,0.11696337198752549,9.126984126984127
2023-04-20,17655.8,17650.0,0.11696337198752549,9.325396825396826
2023-04-21,17657.3,17650.0,0.08585940493058475,0.3968253968253968
2023-04-24,17763.9,17750.0,0.09514602601240038,1.5873015873015872
2023-04-25,17782.3,17800.0,0.091935813564759,1.1904761904761905
2023-04-26,17814.9,17800.0,0.10237612181157903,2.7777777777777777
2023-04-27,17915.05,17900.0,0.10237612181157903,2.976190476190476
2023-04-28,18111.15,18100.0,0.07313587156454748,0.3968253968253968
2023-05-02,18213.15,18200.0,0.11012956290737508,7.142857142857142
2023-05-03,18149.95,18150.0,0.13986697950662563,30.158730158730158
2023-05-04,18294.65,18300.0,0.13986697950662563,30.357142857142854
2023-05-05,18129.7,18150.0,0.09626164451584016,2.7777777777777777
2023-05-08,18310.4,18300.0,0.10729363296193532,5.952380952380952
2023-05-09,18306.4,18300.0,0.11075339805911577,8.73015873015873
2023-05-10,18345.5,18350.0,0.126517550991447,20.634920634920633
2023-05-11,18353.4,18350.0,0.126517550991447,20.833333333333336
2023-05-12,18333.4,18350.0,0.09360604066712207,1.984126984126984
2023-05-15,18417.55,18400.0,0.10835900438750315,7.142857142857142
2023-05-16,18328.4,18350.0,0.1153378743641631,13.492063492063492
2023-05-17,18224.5,18200.0,0.11066882818705823,9.523809523809524
2023-05-18,18175.45,18200.0,0.11066882818705823,9.722222222222223
2023-05-19,18225.4,18250.0,0.08728177511424573,1.1904761904761905
2023-05-22,18331.35,18350.0,0.10338939067373555,5.158730158730158
2023-05-23,18365.8,18350.0,0.1036025772266338,5.555555555555555
2023-05-24,18295.9,18300.0,0.10808952998092616,7.936507936507936
2023-05-25,18321.15,18300.0,0.10808952998092616,8.134920634920634
2023-05-26,18573.3,18550.0,0.09193234667267194,1.984126984126984
2023-05-29,18673.7,18650.0,0.10968905639676847,11.11111111111111
2023-05-30,18713.0,18700.0,0.10933581023831383,11.11111111111111
2023-05-31,18629.55,18650.0,0.15502731521737187,47.22222222222222
2023-06-01,18570.0,18550.0,0.15502731521737187,47.42063492063492
2023-06-02,18635.95,18650.0,0.09066834048321985,1.984126984126984
2023-06-05,18696.65,18700.0,0.10586874542019267,7.5396825396825395
2023-06-06,18672.95,18650.0,0.09680758664018227,4.761904761904762
2023-06-07,18798.4,18800.0,0.12635183111262915,26.58730158730159
2023-06-08,18709.95,18700.0,0.12635183111262915,26.785714285714285
2023-06-09,18631.55,18650.0,0.08955159960344539,1.984126984126984
2023-06-12,18683.0,18700.0,0.10547571665954958,7.936507936507936
2023-06-13,18776.85,18800.0,0.10840049535428345,11.904761904761903
2023-06-14,18818.25,18800.0,0.10932381409592598,13.492063492063492
2023-06-15,18745.45,18750.0,0.10932381409592598,13.690476190476192
2023-06-16,18899.15,18900.0,0.08033346913236669,0.7936507936507936
2023-06-19,18840.2,18850.0,0.09908996173456902,5.952380952380952
2023-06-20,18864.7,18850.0,0.09366193488923066,4.365079365079365
2023-06-21,18896.75,18900.0,0.11044441448412912,17.063492063492063
2023-06-22,18830.05,18850.0,0.11044441448412912,17.261904761904763
2023-06-23,18705.9,18700.0,0.08258023393381156,1.1904761904761905
2023-06-26,18717.2,18700.0,0.09620589088029816,5.952380952380952
2023-06-27,18811.2,18800.0,0.07082867167640886,0.3968253968253968
2023-06-28,18972.1,18950.0,0.07082867167640886,0.5952380952380952
2023-06-30,19261.25,19250.0,0.08506991785506982,2.380952380952381
2023-07-03,19404.95,19400.0,0.11208912088861678,21.428571428571427
2023-07-04,19458.4,19450.0,0.11090802612513925,21.03174603174603
2023-07-05,19466.85,19450.0,0.12950405045148652,38.492063492063494
2023-07-06,19536.1,19550.0,0.12950405045148652,38.69047619047619
2023-07-07,19398.5,19400.0,0.09289126170828449,5.555555555555555
2023-07-10,19409.55,19400.0,0.10605298427945256,12.698412698412698
2023-07-11,19500.85,19500.0,0.10066348055404102,9.126984126984127
2023-07-12,19461.3,19450.0,0.12021061850799042,30.158730158730158
2023-07-13,19474.8,19450.0,0.12021061850799042,30.357142857142854
2023-07-14,19598.85,19600.0,0.08215712028645225,1.984126984126984
2023-07-17,19721.2,19700.0,0.10835372742647624,16.26984126984127
2023-07-18,19770.55,19750.0,0.11734762332160675,28.968253968253972
2023-07-19,19847.1,19850.0,0.11802974003037897,29.761904761904763
2023-07-20,19970.2,19950.0,0.11802974003037897,29.96031746031746
2023-07-21,19776.4,19800.0,0.10790081396002399,15.079365079365079
2023-07-24,19692.7,19700.0,0.12503975778162912,36.904761904761905
2023-07-25,19691.15,19700.0,0.11834695577797726,31.349206349206348
2023-07-26,19774.0,19750.0,0.13236729458800414,46.03174603174603
2023-07-27,19659.9,19650.0,0.13236729458800414,46.230158730158735
2023-07-28,19751.8,19750.0,0.099214828592058,9.523809523809524
2023-07-31,19843.95,19850.0,0.11513692818325558,28.174603174603174
2023-08-01,19812.55,19800.0,0.11476963789813623,28.174603174603174
2023-08-02,19596.55,19600.0,0.16204384152854856,71.42857142857143
2023-08-03,19468.15,19450.0,0.16204384152854856,71.62698412698413
2023-08-04,19576.25,19600.0,0.09180123880064224,5.158730158730158
2023-08-07,19661.05,19650.0,0.10545431839600147,13.095238095238097
2023-08-08,19611.25,19600.0,0.11078829688572243,24.6031746031746
2023-08-09,19689.6,19700.0,0.1255596766184458,40.476190476190474
2023-08-10,19596.8,19600.0,0.1255596766184458,40.67460317460318
2023-08-11,19504.35,19500.0,0.08661461237210792,3.571428571428571
2023-08-14,19478.35,19500.0,0.09839233752257068,9.920634920634921
2023-08-16,19484.55,19500.0,0.11967509168682638,35.317460317460316
2023-08-17,19393.9,19400.0,0.11967509168682638,35.51587301587302
2023-08-18,19331.5,19350.0,0.08759197344151647,4.365079365079365
2023-08-21,19399.55,19400.0,0.10017318248574011,11.507936507936508
2023-08-22,19386.3,19400.0,0.10274259346071382,13.492063492063492
2023-08-23,19430.9,19450.0,0.10694664166292515,17.857142857142858
2023-08-24,19395.6,19400.0,0.10694664166292515,18.055555555555554
2023-08-25,19250.3,19250.0,0.09467917556443184,8.73015873015873
2023-08-28,19321.3,19300.0,0.10357416727820473,14.682539682539684
2023-08-29,19337.1,19350.0,0.09488201975788924,9.126984126984127
2023-08-30,19342.5,19350.0,0.09813375195988497,11.11111111111111
2023-08-31,19253.8,19250.0,0.09813375195988497,11.30952380952381
2023-09-01,19512.1,19500.0,0.085874186517679,3.571428571428571
2023-09-04,19608.8,19600.0,0.09340586494937236,7.936507936507936
2023-09-05,19653.55,19650.0,0.09695201387454733,11.904761904761903
2023-09-06,19658.85,19650.0,0.0985820952758041,13.492063492063492
2023-09-07,19768.7,19750.0,0.0985820952758041,13.690476190476192
2023-09-08,19872.45,19850.0,0.08541993954561097,3.1746031746031744
2023-09-11,20036.7,20050.0,0.10963341573933472,28.57142857142857
2023-09-12,20046.3,20050.0,0.11972756998714401,42.46031746031746
2023-09-13,20125.15,20150.0,0.13928662017812635,63.49206349206349
2023-09-14,20172.0,20150.0,0.13928662017812635,63.69047619047619
2023-09-15,20249.6,20250.0,0.08297316566416596,2.7777777777777777
2023-09-18,20178.85,20200.0,0.09504607392712446,11.11111111111111
2023-09-20,19972.05,19950.0,0.12457552825256403,48.41269841269841
2023-09-21,19778.7,19800.0,0.12457552825256403,48.61111111111111
2023-09-22,19708.25,19700.0,0.09080123003758361,7.142857142857142
2023-09-25,19700.5,19700.0,0.10503434680767212,20.634920634920633
2023-09-26,19677.05,19700.0,0.10545616142208152,21.428571428571427
2023-09-27,19719.05,19700.0,0.10691639920920742,24.206349206349206
2023-09-28,19523.55,19500.0,0.10691639920920742,24.404761904761905
2023-09-29,19709.0,19700.0,0.08342437507953353,3.1746031746031744
2023-10-03,19571.5,19550.0,0.11433624715758467,39.682539682539684
2023-10-04,19469.25,19450.0,0.11617129738248838,41.66666666666667
2023-10-05,19568.0,19550.0,0.11617129738248838,41.86507936507937
2023-10-06,19678.5,19700.0,0.0852310255303596,3.968253968253968
2023-10-09,19539.15,19550.0,0.12351912461406067,51.587301587301596
2023-10-10,19738.1,19750.0,0.12879479145543438,60.71428571428571
2023-10-11,19850.1,19850.0,0.12698274973767576,58.730158730158735
2023-10-12,19843.5,19850.0,0.12698274973767576,58.92857142857143
2023-10-13,19742.05,19750.0,0.09433174660437003,11.11111111111111
2023-10-16,19740.4,19750.0,0.11714349029472555,44.44444444444444
2023-10-17,19811.1,19800.0,0.11280120051134485,38.88888888888889
2023-10-18,19683.35,19700.0,0.12311478783114668,52.38095238095239
2023-10-19,19618.75,19600.0,0.12311478783114668,52.57936507936508
2023-10-20,19527.85,19550.0,0.09522416790839613,13.492063492063492
2023-10-23,19269.2,19250.0,0.12480165293795462,55.952380952380956
2023-10-25,19128.0,19150.0,0.14847336482874987,78.96825396825396
2023-10-26,18857.25,18850.0,0.14847336482874987,79.16666666666666
2023-10-27,19131.35,19150.0,0.11391137052031014,41.269841269841265
2023-10-30,19220.9,19200.0,0.12329775402819558,54.36507936507936
2023-10-31,19158.2,19150.0,0.13369249506373967,70.23809523809523
2023-11-01,19060.25,19050.0,0.15740506259889636,84.52380952380952
2023-11-02,19238.85,19250.0,0.15740506259889636,84.32539682539682
2023-11-03,19303.6,19300.0,0.0932232307934388,9.920634920634921
2023-11-06,19486.5,19500.0,0.10698996650534309,27.77777777777778
2023-11-07,19476.9,19500.0,0.11988016744167534,51.19047619047619
2023-11-08,19490.85,19500.0,0.1299594972251555,67.46031746031747
2023-11-09,19484.6,19500.0,0.1299594972251555,67.65873015873017
2023-11-10,19482.65,19500.0,0.08550032701503668,4.761904761904762
2023-11-13,19497.15,19500.0,0.08982629359721186,7.936507936507936
2023-11-15,19723.3,19700.0,0.10230011277908374,20.634920634920633
2023-11-16,19829.7,19850.0,0.10230011277908374,20.833333333333336
2023-11-17,19806.5,19800.0,0.09568251131356363,15.079365079365079
2023-11-20,19751.2,19750.0,0.11611037812921039,46.03174603174603
2023-11-21,19841.3,19850.0,0.11107712158219514,40.07936507936508
2023-11-22,19884.1,19900.0,0.11031546639038928,37.301587301587304
2023-11-23,19868.75,19850.0,0.11031546639038928,37.5
2023-11-24,19826.95,19850.0,0.0762633398761206,1.5873015873015872
2023-11-28,19936.7,19950.0,0.09899751371539506,19.444444444444446
2023-11-29,20131.45,20150.0,0.1005462569476672,21.03174603174603
2023-11-30,20133.15,20150.0,0.1005462569476672,21.23015873015873
2023-12-01,20375.15,20400.0,0.11813313193357154,51.587301587301596
2023-12-04,20798.9,20800.0,0.14397455847238627,79.36507936507937
2023-12-05,20942.6,20950.0,0.14755894213148363,80.55555555555556
2023-12-06,21039.3,21050.0,0.15849242867038443,86.11111111111111
2023-12-07,21030.8,21050.0,0.15849242867038443,86.30952380952381
2023-12-08,21075.0,21050.0,0.09631878196325741,16.666666666666664
2023-12-11,21084.45,21100.0,0.12364267187774759,59.523809523809526
2023-12-12,21022.95,21000.0,0.13453409968193134,73.80952380952381
2023-12-13,21033.95,21050.0,0.16292928790698988,90.87301587301587
2023-12-14,21327.65,21350.0,0.16292928790698988,90.67460317460318
2023-12-15,21557.1,21550.0,0.10802612742918959,32.53968253968254
2023-12-18,21477.25,21500.0,0.13640032633563812,75.0
2023-12-19,21527.75,21550.0,0.12758102403934934,66.66666666666666
2023-12-20,21217.05,21200.0,0.15326567811870065,83.73015873015873
2023-12-21,21350.4,21350.0,0.15326567811870065,83.92857142857143
2023-12-22,21402.35,21400.0,0.11099595241270845,42.06349206349206
2023-12-26,21472.3,21450.0,0.1429074043538117,79.36507936507937
2023-12-27,21681.8,21700.0,0.1337415055141601,73.01587301587301
2023-12-28,21778.7,21800.0,0.1337415055141601,72.81746031746032
2023-12-29,21885.95,21900.0,0.12443909892316933,60.317460317460316
