instrument,strategy,entry_date,exit_date,direction,entry_price,exit_price,exit_reason,pnl,pnl_pct,hold_bars
SILVERMIC,Strategy1_SUVMomentum,2026-05-21 13:40:00,2026-05-21 14:10:00,Long,275233.0,275021.0,Time Stop,-16304.572000000002,-0.19746387000589807,6
SILVERMIC,Strategy1_SUVMomentum,2026-05-22 19:45:00,2026-05-22 20:15:00,Short,275198.0,275216.0,Time Stop,-10487.452,-0.12702916930113348,6
SILVERMIC,Strategy1_SUVMomentum,2026-06-02 11:00:00,2026-06-02 11:30:00,Long,275183.0,274756.0,Time Stop,-22748.902000000002,-0.27556089341759243,6
SILVERMIC,Strategy2_VPIN,2026-05-25 10:40:00,2026-05-25 10:50:00,Short,280189.0,279930.0,Time Stop,-2352.142,-0.027982802084783244,2
SILVERMIC,Strategy2_VPIN,2026-05-25 10:55:00,2026-05-25 11:05:00,Short,279828.0,280222.0,Time Stop,-21940.9,-0.2613617412601074,2
SILVERMIC,Strategy2_VPIN,2026-05-26 09:05:00,2026-05-26 09:15:00,Short,277350.0,277349.0,Time Stop,-9994.582,-0.12011996875187789,2
SILVERMIC,Strategy2_VPIN,2026-05-26 11:10:00,2026-05-26 11:20:00,Short,276006.0,275808.0,Time Stop,-4032.652,-0.04870246782074786,2
SILVERMIC,Strategy2_VPIN,2026-05-26 11:20:00,2026-05-26 11:30:00,Short,275808.0,275940.0,Time Stop,-13931.464000000002,-0.16837152415206716,2
SILVERMIC,Strategy2_VPIN,2026-05-26 11:30:00,2026-05-26 11:40:00,Long,275940.0,275969.0,Time Stop,-9104.362,-0.10997997149138701,2
SILVERMIC,Strategy2_VPIN,2026-05-26 11:40:00,2026-05-26 11:50:00,Long,275969.0,276065.0,Time Stop,-7096.611999999999,-0.085717502086587,2
SILVERMIC,Strategy2_VPIN,2026-05-26 11:50:00,2026-05-26 12:00:00,Long,276075.0,275690.0,Time Stop,-21521.77,-0.25985414591445566,2
SILVERMIC,Strategy2_VPIN,2026-06-03 10:35:00,2026-06-03 10:45:00,Long,270207.0,270494.0,Time Stop,-1162.6180000000004,-0.014342312868775919,2
SILVERMIC,Strategy2_VPIN,2026-06-03 10:45:00,2026-06-03 10:55:00,Long,270450.0,270045.0,Time Stop,-21918.91,-0.2701535712084797,2
SILVERMIC,Strategy3_VolumeSpike,2026-05-19 14:35:00,2026-05-19 15:15:00,Short,276582.0,276560.0,Time Stop,-9336.556,-0.11252306127417307,8
SILVERMIC,Strategy3_VolumeSpike,2026-05-19 16:25:00,2026-05-19 17:05:00,Long,277800.0,276900.0,Time Stop,-37024.6,-0.4442596592272618,8
SILVERMIC,Strategy3_VolumeSpike,2026-05-19 17:55:00,2026-05-19 18:30:00,Long,278251.0,277135.4,Trailing Stop,-43504.955199999305,-0.5211715944716497,7
SILVERMIC,Strategy3_VolumeSpike,2026-05-19 18:35:00,2026-05-19 19:15:00,Short,276660.0,272399.0,Time Stop,117906.938,1.4205997493915516,8
SILVERMIC,Strategy3_VolumeSpike,2026-05-20 09:00:00,2026-05-20 09:40:00,Short,271279.0,271260.0,Time Stop,-9235.702000000001,-0.11348343710104114,8
SILVERMIC,Strategy3_VolumeSpike,2026-05-20 11:00:00,2026-05-20 11:40:00,Long,272380.0,272786.0,Time Stop,2327.0120000000006,0.028477519152164878,8
SILVERMIC,Strategy3_VolumeSpike,2026-05-20 12:15:00,2026-05-20 12:55:00,Long,275007.0,275031.0,Time Stop,-9220.684000000001,-0.1117630217897484,8
SILVERMIC,Strategy3_VolumeSpike,2026-05-20 15:25:00,2026-05-20 16:05:00,Long,276109.0,277008.0,Time Stop,16973.894,0.2049177921279881,8
SILVERMIC,Strategy3_VolumeSpike,2026-05-20 16:05:00,2026-05-20 16:45:00,Long,277047.0,276026.2,Trailing Stop,-40619.31759999965,-0.4887175292760152,8
SILVERMIC,Strategy3_VolumeSpike,2026-05-20 18:30:00,2026-05-20 19:10:00,Short,275745.0,274890.0,Time Stop,15698.569999999998,0.18977158848452977,8
SILVERMIC,Strategy3_VolumeSpike,2026-05-20 20:00:00,2026-05-20 20:40:00,Long,278755.0,276872.0,Time Stop,-66531.286,-0.7955765935439124,8
SILVERMIC,Strategy3_VolumeSpike,2026-05-21 09:00:00,2026-05-21 09:40:00,Short,276497.0,276350.0,Time Stop,-5581.245999999999,-0.06728519055661844,8
SILVERMIC,Strategy3_VolumeSpike,2026-05-21 10:55:00,2026-05-21 11:35:00,Short,275220.0,275599.0,Time Stop,-21324.742,-0.2582751011312162,8
SILVERMIC,Strategy3_VolumeSpike,2026-05-21 13:35:00,2026-05-21 14:15:00,Long,274704.0,275250.0,Time Stop,6440.827999999998,0.07815476537169702,8
SILVERMIC,Strategy3_VolumeSpike,2026-05-21 15:55:00,2026-05-21 16:35:00,Short,274000.0,274055.0,Time Stop,-11554.990000000002,-0.14057165450121656,8
SILVERMIC,Strategy3_VolumeSpike,2026-05-21 17:50:00,2026-05-21 18:00:00,Short,274029.0,274834.86666666664,Trailing Stop,-34095.54959999918,-0.41474381178633385,2
SILVERMIC,Strategy3_VolumeSpike,2026-05-21 19:20:00,2026-05-21 20:00:00,Long,275726.0,274891.0,Time Stop,-35001.106,-0.42313874401882057,8
SILVERMIC,Strategy3_VolumeSpike,2026-05-21 21:30:00,2026-05-21 22:10:00,Long,276450.0,276614.0,Time Stop,-5075.152,-0.06119433291131609,8
SILVERMIC,Strategy3_VolumeSpike,2026-05-21 22:40:00,2026-05-21 23:20:00,Long,277388.0,278925.0,Time Stop,36056.366,0.43328437663729746,8
SILVERMIC,Strategy3_VolumeSpike,2026-05-22 11:05:00,2026-05-22 11:25:00,Long,279010.0,277990.0,Trailing Stop,-40666.0,-0.48583682783173837,4
SILVERMIC,Strategy3_VolumeSpike,2026-05-22 11:25:00,2026-05-22 11:50:00,Short,276739.0,277968.06666666665,Trailing Stop,-46896.727199999536,-0.5648731259417662,5
SILVERMIC,Strategy3_VolumeSpike,2026-05-22 13:05:00,2026-05-22 13:25:00,Short,276418.0,277189.6,Trailing Stop,-33152.936799999305,-0.39979230489089357,4
SILVERMIC,Strategy3_VolumeSpike,2026-05-22 17:45:00,2026-05-22 18:00:00,Long,277120.0,276183.3333333333,Trailing Stop,-38099.46000000058,-0.45827872401848274,3
SILVERMIC,Strategy3_VolumeSpike,2026-05-22 18:00:00,2026-05-22 18:25:00,Short,275711.0,276750.4666666667,Trailing Stop,-41168.306400000234,-0.49772293452202043,5
SILVERMIC,Strategy3_VolumeSpike,2026-05-22 19:45:00,2026-05-22 20:25:00,Short,275198.0,274900.0,Time Stop,-1001.7640000000029,-0.01213385756194937,8
SILVERMIC,Strategy3_VolumeSpike,2026-05-22 23:25:00,2026-05-25 09:00:00,Short,278000.0,280780.0,Stop Loss,-93498.04000000001,-1.1210796163069545,1
SILVERMIC,Strategy3_VolumeSpike,2026-05-25 09:00:00,2026-05-25 09:40:00,Long,279300.0,279728.0,Time Stop,2737.496000000001,0.032670915383697346,8
SILVERMIC,Strategy3_VolumeSpike,2026-05-25 15:35:00,2026-05-25 16:15:00,Long,280706.0,280431.0,Time Stop,-18390.466,-0.21838348069985444,8
SILVERMIC,Strategy3_VolumeSpike,2026-05-25 17:30:00,2026-05-25 18:10:00,Short,280051.0,280146.0,Time Stop,-12973.546000000002,-0.15441884989995872,8
SILVERMIC,Strategy3_VolumeSpike,2026-05-25 18:30:00,2026-05-25 19:10:00,Short,279726.0,280044.0,Time Stop,-19655.86,-0.23422754171343865,8
SILVERMIC,Strategy3_VolumeSpike,2026-05-25 22:20:00,2026-05-25 23:00:00,Long,280120.0,280640.0,Time Stop,5466.319999999998,0.06504736065495738,8
SILVERMIC,Strategy3_VolumeSpike,2026-05-26 09:00:00,2026-05-26 09:40:00,Short,277669.0,276728.0,Time Stop,18210.854,0.21861585796998104,8
SILVERMIC,Strategy3_VolumeSpike,2026-05-26 12:35:00,2026-05-26 13:15:00,Short,275286.0,275300.0,Time Stop,-10370.548,-0.12557301618438038,8
SILVERMIC,Strategy3_VolumeSpike,2026-05-26 15:10:00,2026-05-26 15:40:00,Short,274447.0,275069.4,Trailing Stop,-28603.2952000007,-0.34740520877741665,6
SILVERMIC,Strategy3_VolumeSpike,2026-05-26 18:00:00,2026-05-26 18:40:00,Short,274650.0,274630.0,Time Stop,-9327.04,-0.11319910188725044,8
SILVERMIC,Strategy3_VolumeSpike,2026-05-26 21:25:00,2026-05-26 22:05:00,Short,274395.0,274493.0,Time Stop,-12859.983999999999,-0.15622228296191012,8
SILVERMIC,Strategy3_VolumeSpike,2026-05-26 22:45:00,2026-05-26 23:05:00,Long,275299.0,274645.5333333333,Trailing Stop,-29543.001600000232,-0.357708062869828,4
SILVERMIC,Strategy3_VolumeSpike,2026-05-27 09:00:00,2026-05-27 09:40:00,Long,276083.0,275854.0,Time Stop,-16844.866,-0.20337924947690855,8
SILVERMIC,Strategy3_VolumeSpike,2026-05-27 11:00:00,2026-05-27 11:40:00,Short,274949.0,273681.0,Time Stop,28124.66,0.3409682038002199,8
SILVERMIC,Strategy3_VolumeSpike,2026-05-27 16:05:00,2026-05-27 16:45:00,Short,271555.0,270130.0,Time Stop,32959.67,0.404579428353986,8
SILVERMIC,Strategy3_VolumeSpike,2026-05-28 17:00:00,2026-05-28 17:40:00,Short,266617.0,266444.0,Time Stop,-4445.098000000002,-0.05557407567159386,8
SILVERMIC,Strategy3_VolumeSpike,2026-05-28 18:20:00,2026-05-28 19:00:00,Long,268493.0,267412.0,Time Stop,-42116.29,-0.5228726012720382,8
SILVERMIC,Strategy3_VolumeSpike,2026-05-28 19:40:00,2026-05-28 20:20:00,Long,270044.0,270537.0,Time Stop,5019.5419999999995,0.06195955720796117,8
SILVERMIC,Strategy3_VolumeSpike,2026-05-28 21:45:00,2026-05-28 22:25:00,Long,272625.0,273680.0,Time Stop,21776.51,0.26625719089102856,8
SILVERMIC,Strategy3_VolumeSpike,2026-05-29 09:00:00,2026-05-29 09:40:00,Short,272840.0,272900.0,Time Stop,-11663.320000000002,-0.14249279186825003,8
SILVERMIC,Strategy3_VolumeSpike,2026-05-29 11:05:00,2026-05-29 11:30:00,Short,272108.0,272976.13333333336,Trailing Stop,-35895.514400000815,-0.439721414536395,5
SILVERMIC,Strategy3_VolumeSpike,2026-05-29 12:25:00,2026-05-29 12:40:00,Long,273207.0,272454.86666666664,Trailing Stop,-32425.913600000815,-0.3956208247470576,3
SILVERMIC,Strategy3_VolumeSpike,2026-05-29 12:40:00,2026-05-29 13:20:00,Short,272113.0,272234.0,Time Stop,-13468.246,-0.16498349337713866,8
SILVERMIC,Strategy3_VolumeSpike,2026-05-29 16:05:00,2026-05-29 16:45:00,Long,272189.0,272175.0,Time Stop,-10258.551999999998,-0.12563025446779014,8
SILVERMIC,Strategy3_VolumeSpike,2026-05-29 19:45:00,2026-05-29 20:25:00,Short,270500.0,270777.0,Time Stop,-18092.986,-0.2229573136167591,8
SILVERMIC,Strategy3_VolumeSpike,2026-05-29 23:25:00,2026-06-01 09:35:00,Short,272387.0,270896.0,Time Stop,34910.906,0.42722188161206914,8
SILVERMIC,Strategy3_VolumeSpike,2026-06-01 14:45:00,2026-06-01 15:00:00,Long,272920.0,272070.5333333333,Trailing Stop,-35333.82960000023,-0.4315529532463754,3
SILVERMIC,Strategy3_VolumeSpike,2026-06-01 18:40:00,2026-06-01 19:20:00,Short,270724.0,267882.0,Time Stop,75525.092,0.9299149933757874,8
SILVERMIC,Strategy3_VolumeSpike,2026-06-01 21:00:00,2026-06-01 21:35:00,Long,270319.0,269238.4666666667,Trailing Stop,-42168.03439999977,-0.519978672112082,7
SILVERMIC,Strategy3_VolumeSpike,2026-06-02 10:55:00,2026-06-02 11:35:00,Long,273440.0,274694.0,Time Stop,27713.588,0.337838745855276,8
SILVERMIC,Strategy3_VolumeSpike,2026-06-02 17:00:00,2026-06-02 17:40:00,Long,274588.0,274200.0,Time Stop,-21558.184,-0.26170340048848945,8
SILVERMIC,Strategy3_VolumeSpike,2026-06-02 18:20:00,2026-06-02 18:35:00,Short,273743.0,274636.73333333334,Trailing Stop,-36722.83520000012,-0.4471692451192069,3
SILVERMIC,Strategy3_VolumeSpike,2026-06-02 19:45:00,2026-06-02 20:25:00,Short,272401.0,272822.0,Time Stop,-22484.014,-0.2751337672524452,8
SILVERMIC,Strategy3_VolumeSpike,2026-06-02 21:45:00,2026-06-02 22:25:00,Short,272417.0,272057.0,Time Stop,959.4679999999989,0.011740187531125676,8
SILVERMIC,Strategy3_VolumeSpike,2026-06-02 22:50:00,2026-06-03 09:00:00,Short,271693.0,270511.0,Time Stop,25660.328,0.31482013399928105,8
SILVERMIC,Strategy3_VolumeSpike,2026-06-03 12:00:00,2026-06-03 12:40:00,Short,268707.0,269659.13333333336,Trailing Stop,-38294.590400000816,-0.4750476715034197,8
SILVERMIC,Strategy3_VolumeSpike,2026-06-03 15:35:00,2026-06-03 16:15:00,Long,270095.0,269530.0,Time Stop,-26703.25,-0.3295537989719666,8
SILVERMIC,Strategy3_VolumeSpike,2026-06-03 17:00:00,2026-06-03 17:35:00,Long,270400.0,269713.6,Trailing Stop,-30354.044800000698,-0.37418694280079756,7
SILVERMIC,Strategy3_VolumeSpike,2026-06-03 18:05:00,2026-06-03 18:20:00,Short,268668.0,269548.5333333333,Trailing Stop,-36143.897599999764,-0.44843322861920987,3
SILVERMIC,Strategy3_VolumeSpike,2026-06-03 19:10:00,2026-06-03 19:30:00,Short,267200.0,268458.26666666666,Trailing Stop,-47429.84879999988,-0.5916897305389207,4
SILVERMIC,Strategy3_VolumeSpike,2026-06-03 20:50:00,2026-06-03 21:30:00,Short,267739.0,267978.0,Time Stop,-16852.906,-0.20981759599211666,8
SILVERMIC,Strategy3_VolumeSpike,2026-06-03 22:35:00,2026-06-03 23:00:00,Long,268330.0,267706.8,Trailing Stop,-28384.66240000035,-0.35260888209791863,5
SILVERMIC,Strategy3_VolumeSpike,2026-06-04 12:10:00,2026-06-04 12:50:00,Short,266726.0,267390.0,Time Stop,-29574.088,-0.3695938653649563,8
SILVERMIC,Strategy3_VolumeSpike,2026-06-04 13:35:00,2026-06-04 14:15:00,Long,267712.0,267360.0,Time Stop,-20231.296000000002,-0.25190373734958965,8
SILVERMIC,Strategy3_VolumeSpike,2026-06-04 15:05:00,2026-06-04 15:45:00,Long,268296.0,267940.0,Time Stop,-20372.248,-0.25310661856059474,8
SILVERMIC,Strategy3_VolumeSpike,2026-06-04 16:50:00,2026-06-04 17:30:00,Long,268816.0,270314.0,Time Stop,35195.66,0.43642813919806367,8
SILVERMIC,Strategy3_VolumeSpike,2026-06-04 18:30:00,2026-06-04 19:10:00,Long,271950.0,271711.0,Time Stop,-16995.898,-0.20832135809278665,8
SILVERMIC,Strategy3_VolumeSpike,2026-06-04 20:20:00,2026-06-04 21:00:00,Short,268300.0,269169.0,Time Stop,-35784.441999999995,-0.44458245744813013,8
SILVERMIC,Strategy3_VolumeSpike,2026-06-04 22:45:00,2026-06-04 23:00:00,Short,268987.0,269489.6666666667,Trailing Stop,-24812.580000000584,-0.30748177421214384,3
SILVERMIC,Strategy3_VolumeSpike,2026-06-04 23:00:00,2026-06-05 09:00:00,Long,269599.0,266903.01,Stop Loss,-90576.73617999972,-1.1198945616761649,6
SILVERMIC,Strategy3_VolumeSpike,2026-06-05 09:00:00,2026-06-05 09:40:00,Short,266089.0,265941.0,Time Stop,-5176.540000000001,-0.06484722530181006,8
SILVERMIC,Strategy3_VolumeSpike,2026-06-05 11:00:00,2026-06-05 11:40:00,Short,264310.0,263105.0,Time Stop,26616.53,0.3356731363424262,8
SILVERMIC,Strategy5_VolumeDivergence,2026-05-21 14:30:00,2026-05-21 15:00:00,Short,275564.0,276050.0,Time Stop,-24549.051999999996,-0.29695523846849853,6
SILVERMIC,Strategy5_VolumeDivergence,2026-05-21 21:20:00,2026-05-21 21:50:00,Short,275696.0,276250.0,Time Stop,-26595.028,-0.32155016153057475,6
SILVERMIC,Strategy5_VolumeDivergence,2026-05-25 10:15:00,2026-05-25 10:45:00,Short,280725.0,280329.0,Time Stop,1741.0279999999984,0.020672995517558683,6
SILVERMIC,Strategy5_VolumeDivergence,2026-05-26 09:35:00,2026-05-26 09:40:00,Long,276850.0,276056.8694908659,VWAP Target,-33786.23892485831,-0.406793557580619,1
SILVERMIC,Strategy5_VolumeDivergence,2026-05-26 09:40:00,2026-05-26 09:45:00,Long,276728.0,276057.3632297977,VWAP Target,-30109.239644205736,-0.36268152173741885,1
SILVERMIC,Strategy5_VolumeDivergence,2026-05-26 09:55:00,2026-05-26 10:00:00,Long,276263.0,276058.0785663201,VWAP Target,-16129.42242459004,-0.19461434001404507,1
SILVERMIC,Strategy5_VolumeDivergence,2026-05-26 10:05:00,2026-05-26 10:10:00,Long,275979.0,276057.8272395294,VWAP Target,-7611.845704429401,-0.09193749892116672,1
SILVERMIC,Strategy5_VolumeDivergence,2026-05-26 10:15:00,2026-05-26 10:20:00,Long,275853.0,276057.4074859843,VWAP Target,-3842.162755217998,-0.04642765960152688,1
SILVERMIC,Strategy5_VolumeDivergence,2026-05-26 10:25:00,2026-05-26 10:35:00,Long,275575.0,276055.81139503926,VWAP Target,4454.987246067036,0.05388717222857705,2
SILVERMIC,Strategy5_VolumeDivergence,2026-05-28 20:35:00,2026-05-28 20:40:00,Short,270830.0,274742.2347733977,VWAP Target,-127227.34342785152,-1.5658942685799397,1
SILVERMIC,Strategy5_VolumeDivergence,2026-05-28 21:20:00,2026-05-28 21:25:00,Short,271504.0,274712.26624950377,VWAP Target,-106119.88027760404,-1.3028645407017214,1
SILVERMIC,Strategy5_VolumeDivergence,2026-06-01 20:55:00,2026-06-01 21:00:00,Short,269259.0,274052.7698223177,VWAP Target,-153632.7065263327,-1.9019197937838377,1
SILVERMIC,Strategy5_VolumeDivergence,2026-06-03 20:20:00,2026-06-03 20:25:00,Short,268822.0,273674.1840439367,VWAP Target,-155370.45263089254,-1.9265592428061757,1
SILVERMIC,Strategy5_VolumeDivergence,2026-06-04 19:55:00,2026-06-04 20:25:00,Long,269958.0,268500.0,Time Stop,-53472.244,-0.6602538666508617,6
GOLDGUINEA,Strategy1_SUVMomentum,2026-05-21 17:00:00,2026-05-21 17:50:00,Short,128750.0,128707.0,Time Stop,-931.7936,-0.09046539805825242,10
GOLDGUINEA,Strategy1_SUVMomentum,2026-05-22 16:50:00,2026-05-22 17:40:00,Long,128786.0,128859.0,Time Stop,-692.6959999999999,-0.06723323963784883,10
GOLDGUINEA,Strategy1_SUVMomentum,2026-05-29 20:40:00,2026-05-29 21:30:00,Long,127621.0,127390.0,Time Stop,-3112.0528000000004,-0.3048139412792566,10
GOLDGUINEA,Strategy2_VPIN,2026-05-25 12:50:00,2026-05-25 13:00:00,Short,128915.0,128976.0,Time Stop,-1765.8768,-0.17122491564208975,2
GOLDGUINEA,Strategy2_VPIN,2026-05-25 13:00:00,2026-05-25 13:10:00,Long,128976.0,128996.0,Time Stop,-1118.2656,-0.10837923334573875,2
GOLDGUINEA,Strategy2_VPIN,2026-05-25 13:10:00,2026-05-25 13:20:00,Long,128996.0,128992.0,Time Stop,-1310.3424,-0.1269751000031009,2
GOLDGUINEA,Strategy2_VPIN,2026-05-25 17:55:00,2026-05-25 18:05:00,Long,129005.0,129035.0,Time Stop,-1038.5919999999999,-0.10063485911398781,2
GOLDGUINEA,Strategy2_VPIN,2026-05-25 18:10:00,2026-05-25 18:20:00,Short,129010.0,129002.0,Time Stop,-1214.4576000000002,-0.11767087822649408,2
GOLDGUINEA,Strategy2_VPIN,2026-05-25 18:20:00,2026-05-25 18:30:00,Short,129002.0,128968.0,Time Stop,-1006.2560000000003,-0.09750391466798967,2
GOLDGUINEA,Strategy2_VPIN,2026-05-25 18:30:00,2026-05-25 18:40:00,Short,128970.0,128989.0,Time Stop,-1430.2032,-0.1386178180972319,2
GOLDGUINEA,Strategy2_VPIN,2026-05-26 11:30:00,2026-05-26 11:40:00,Long,128289.0,128266.0,Time Stop,-1455.4640000000002,-0.1418149646501259,2
GOLDGUINEA,Strategy2_VPIN,2026-05-29 20:55:00,2026-05-29 21:05:00,Short,127399.0,127440.0,Time Stop,-1591.2272,-0.1561263432209044,2
GOLDGUINEA,Strategy2_VPIN,2026-05-29 21:55:00,2026-05-29 22:05:00,Long,127362.0,127452.0,Time Stop,-543.1072000000001,-0.05330349711844979,2
GOLDGUINEA,Strategy2_VPIN,2026-05-29 22:05:00,2026-05-29 22:15:00,Long,127441.0,127325.0,Time Stop,-2190.8768,-0.21489128302508614,2
GOLDGUINEA,Strategy2_VPIN,2026-06-01 13:15:00,2026-06-01 13:25:00,Short,126417.0,126567.0,Time Stop,-2454.3232000000003,-0.24268128495376415,2
GOLDGUINEA,Strategy2_VPIN,2026-06-02 16:50:00,2026-06-02 17:00:00,Short,127140.0,127198.0,Time Stop,-1724.8224,-0.169579046720151,2
GOLDGUINEA,Strategy2_VPIN,2026-06-02 17:00:00,2026-06-02 17:10:00,Long,127198.0,127169.0,Time Stop,-1492.9616,-0.14671630057076368,2
GOLDGUINEA,Strategy2_VPIN,2026-06-02 17:10:00,2026-06-02 17:20:00,Short,127169.0,127191.0,Time Stop,-1436.928,-0.14124196934787567,2
GOLDGUINEA,Strategy2_VPIN,2026-06-03 09:30:00,2026-06-03 09:40:00,Long,126578.0,126630.0,Time Stop,-839.3984000000003,-0.08289339379671035,2
GOLDGUINEA,Strategy2_VPIN,2026-06-03 17:05:00,2026-06-03 17:15:00,Long,126306.0,126241.0,Time Stop,-1772.2256000000002,-0.17539008439820755,2
GOLDGUINEA,Strategy2_VPIN,2026-06-03 17:20:00,2026-06-03 17:30:00,Long,126250.0,126249.0,Time Stop,-1259.9952,-0.124752,2
GOLDGUINEA,Strategy3_VolumeSpike,2026-05-19 18:50:00,2026-05-19 19:30:00,Short,128950.0,128780.0,Time Stop,82.89599999999973,0.0080356727413726,8
GOLDGUINEA,Strategy3_VolumeSpike,2026-05-20 09:00:00,2026-05-20 09:40:00,Short,128000.0,128032.0,Time Stop,-1524.9536000000003,-0.14892125000000003,8
GOLDGUINEA,Strategy3_VolumeSpike,2026-05-20 16:00:00,2026-05-20 16:40:00,Long,128648.0,128675.0,Time Stop,-1059.1504,-0.10291166594117282,8
GOLDGUINEA,Strategy3_VolumeSpike,2026-05-21 18:25:00,2026-05-21 19:05:00,Short,128647.0,128344.0,Time Stop,1150.4432000000002,0.11178294091583947,8
GOLDGUINEA,Strategy3_VolumeSpike,2026-05-21 23:25:00,2026-05-22 09:35:00,Long,128620.0,129029.0,Time Stop,1995.2848000000001,0.1939127662882911,8
GOLDGUINEA,Strategy3_VolumeSpike,2026-05-22 19:10:00,2026-05-22 19:50:00,Short,128712.0,128319.0,Time Stop,1870.2512000000002,0.18163139412020637,8
GOLDGUINEA,Strategy3_VolumeSpike,2026-05-25 09:00:00,2026-05-25 09:40:00,Long,128969.0,128939.0,Time Stop,-1517.9584,-0.14712434771146554,8
GOLDGUINEA,Strategy3_VolumeSpike,2026-05-25 23:15:00,2026-05-26 09:25:00,Short,128962.0,128510.0,Time Stop,2340.1344,0.22682402568198384,8
GOLDGUINEA,Strategy3_VolumeSpike,2026-05-26 22:40:00,2026-05-26 23:20:00,Short,127794.0,127664.0,Time Stop,-226.1984,-0.022125295397279997,8
GOLDGUINEA,Strategy3_VolumeSpike,2026-05-27 16:15:00,2026-05-27 16:55:00,Short,126804.0,126569.0,Time Stop,623.8096,0.06149348600990505,8
GOLDGUINEA,Strategy3_VolumeSpike,2026-05-28 17:00:00,2026-05-28 17:40:00,Short,125318.0,125217.0,Time Stop,-434.568,-0.043346526436744914,8
GOLDGUINEA,Strategy3_VolumeSpike,2026-05-28 19:40:00,2026-05-28 20:20:00,Long,126456.0,126563.0,Time Stop,-398.49119999999994,-0.0393903017650408,8
GOLDGUINEA,Strategy3_VolumeSpike,2026-05-29 09:55:00,2026-05-29 10:35:00,Long,127552.0,127196.0,Time Stop,-4110.7904,-0.4028543652784746,8
GOLDGUINEA,Strategy3_VolumeSpike,2026-05-29 14:20:00,2026-05-29 15:00:00,Short,126937.0,127105.0,Time Stop,-2603.4016,-0.2563674893844978,8
GOLDGUINEA,Strategy3_VolumeSpike,2026-05-29 17:30:00,2026-05-29 18:10:00,Short,126945.0,126671.0,Time Stop,934.6432,0.0920322974516523,8
GOLDGUINEA,Strategy3_VolumeSpike,2026-05-29 20:40:00,2026-05-29 21:20:00,Long,127621.0,127357.0,Time Stop,-3375.8944,-0.3306562399605081,8
GOLDGUINEA,Strategy3_VolumeSpike,2026-06-01 09:00:00,2026-06-01 09:40:00,Short,126761.0,126540.0,Time Stop,512.1552000000001,0.05050401937504439,8
GOLDGUINEA,Strategy3_VolumeSpike,2026-06-01 18:40:00,2026-06-01 19:20:00,Short,126306.0,125901.0,Time Stop,1989.4063999999998,0.19688360014567793,8
GOLDGUINEA,Strategy3_VolumeSpike,2026-06-01 23:15:00,2026-06-02 09:25:00,Long,126400.0,126489.0,Time Stop,-541.8671999999999,-0.05358655063291138,8
GOLDGUINEA,Strategy3_VolumeSpike,2026-06-02 16:25:00,2026-06-02 17:05:00,Long,127220.0,127123.0,Time Stop,-2036.8464000000001,-0.20013032542053139,8
GOLDGUINEA,Strategy3_VolumeSpike,2026-06-03 14:20:00,2026-06-03 15:00:00,Short,125900.0,125819.0,Time Stop,-600.2511999999999,-0.059596028594122316,8
GOLDGUINEA,Strategy3_VolumeSpike,2026-06-03 19:10:00,2026-06-03 19:50:00,Short,125740.0,125995.0,Time Stop,-3288.3280000000004,-0.32689756640687134,8
GOLDGUINEA,Strategy3_VolumeSpike,2026-06-04 09:00:00,2026-06-04 09:40:00,Long,126357.0,126379.0,Time Stop,-1077.1327999999999,-0.1065565026076909,8
GOLDGUINEA,Strategy3_VolumeSpike,2026-06-04 16:35:00,2026-06-04 17:15:00,Long,126593.0,126883.0,Time Stop,1063.3152,0.1049934830519855,8
GOLDGUINEA,Strategy3_VolumeSpike,2026-06-04 17:15:00,2026-06-04 17:55:00,Long,126883.0,126945.0,Time Stop,-762.3743999999999,-0.07510604257465538,8
GOLDGUINEA,Strategy3_VolumeSpike,2026-06-04 20:20:00,2026-06-04 21:00:00,Short,126477.0,126524.0,Time Stop,-1630.4047999999998,-0.16113649121974744,8
GOLDGUINEA,Strategy3_VolumeSpike,2026-06-05 09:00:00,2026-06-05 09:40:00,Short,126010.0,125950.0,Time Stop,-769.4080000000001,-0.07632410126180462,8
GOLDGUINEA,Strategy5_VolumeDivergence,2026-05-20 10:05:00,2026-05-20 10:35:00,Long,127854.0,127965.0,Time Stop,-379.9312000000002,-0.037145024793905565,6
GOLDGUINEA,Strategy5_VolumeDivergence,2026-05-25 11:15:00,2026-05-25 11:20:00,Long,128805.0,128773.55107560179,VWAP Target,-1527.9684403485671,-0.14828310627970256,1
GOLDGUINEA,Strategy5_VolumeDivergence,2026-05-26 09:40:00,2026-05-26 10:10:00,Long,128404.0,128200.0,Time Stop,-2903.6992,-0.2826721908974798,6
GOLDGUINEA,Strategy5_VolumeDivergence,2026-05-26 10:15:00,2026-05-26 10:45:00,Long,128205.0,128300.0,Time Stop,-511.22400000000016,-0.04984438984438986,6
GOLDGUINEA,Strategy5_VolumeDivergence,2026-05-27 16:45:00,2026-05-27 17:15:00,Long,126605.0,126421.0,Time Stop,-2726.5248,-0.2691960033174045,6
GOLDGUINEA,Strategy5_VolumeDivergence,2026-05-27 17:20:00,2026-05-27 17:50:00,Long,126416.0,126580.0,Time Stop,57.61920000000009,0.005697380078471088,6
GOLDGUINEA,Strategy5_VolumeDivergence,2026-05-28 19:20:00,2026-05-28 19:25:00,Short,125702.0,127794.88329683198,VWAP Target,-17999.851414480607,-1.7899328784029496,1
GOLDGUINEA,Strategy5_VolumeDivergence,2026-05-28 20:25:00,2026-05-28 20:30:00,Short,126481.0,127719.82204827138,VWAP Target,-11170.740332002746,-1.1039939133153147,1
GOLDGUINEA,Strategy5_VolumeDivergence,2026-05-28 20:30:00,2026-05-28 20:35:00,Short,126555.0,127717.29937998837,VWAP Target,-10558.902076930903,-1.0429163285657326,1
GOLDGUINEA,Strategy5_VolumeDivergence,2026-05-28 20:35:00,2026-05-28 20:40:00,Short,126598.0,127715.83407909142,VWAP Target,-10203.37903631102,-1.0074585534833707,1
GOLDGUINEA,Strategy5_VolumeDivergence,2026-05-28 21:05:00,2026-05-28 21:10:00,Short,126764.0,127707.27476120701,VWAP Target,-8807.660208509864,-0.868509613189654,1
GOLDGUINEA,Strategy5_VolumeDivergence,2026-05-29 11:05:00,2026-05-29 11:35:00,Long,127091.0,127220.0,Time Stop,-228.69280000000026,-0.022493016814723335,6
GOLDGUINEA,Strategy5_VolumeDivergence,2026-06-01 10:00:00,2026-06-01 10:30:00,Long,126513.0,126670.0,Time Stop,0.7216000000000804,7.129702085952436e-05,6
GOLDGUINEA,Strategy5_VolumeDivergence,2026-06-02 09:40:00,2026-06-02 09:45:00,Short,126601.0,127422.58114673158,VWAP Target,-7831.96236335695,-0.773291913507491,1
GOLDGUINEA,Strategy5_VolumeDivergence,2026-06-03 13:50:00,2026-06-03 14:20:00,Long,126054.0,125900.0,Time Stop,-2481.3792000000003,-0.2460631158075111,6
GOLDGUINEA,Strategy5_VolumeDivergence,2026-06-03 20:20:00,2026-06-03 20:25:00,Short,126151.0,127285.99197475845,VWAP Target,-10336.43335954644,-1.024212388283331,1
GOLDGUINEA,Strategy5_VolumeDivergence,2026-06-05 10:00:00,2026-06-05 10:30:00,Long,125929.0,125919.0,Time Stop,-1328.8704000000002,-0.1319067093362133,6
NIFTY,Strategy1_SUVMomentum,2026-05-21 15:00:00,2026-05-22 09:35:00,Short,185.4040808983773,139.80286114489172,Time Stop,-3474.7257939033643,-24.988488401956392,10
NIFTY,Strategy1_SUVMomentum,2026-05-27 14:35:00,2026-05-27 15:25:00,Short,186.98066481358364,156.4415104349555,Time Stop,-2345.890576283296,-16.728222165802414,10
NIFTY,Strategy1_SUVMomentum,2026-05-29 12:10:00,2026-05-29 13:00:00,Short,186.95566447399506,196.17201854881387,Time Stop,633.9858098753843,4.5214699193281715,10
NIFTY,Strategy2_VPIN,2026-05-19 12:30:00,2026-05-19 13:00:00,Short,186.1103404917103,196.21563623485054,Time Stop,700.6925117828222,5.019907437215773,6
NIFTY,Strategy2_VPIN,2026-05-19 13:00:00,2026-05-19 13:30:00,Short,185.94783828439358,176.5597188138472,Time Stop,-760.4218003603987,-5.4525814506280295,6
NIFTY,Strategy2_VPIN,2026-05-19 13:30:00,2026-05-19 14:00:00,Long,208.93519703091806,202.15893708716249,Time Stop,-566.7187318169819,-3.6165518615044983,6
NIFTY,Strategy2_VPIN,2026-05-19 14:00:00,2026-05-19 14:30:00,Long,208.8202962676787,198.98667469325483,Time Stop,-795.8729317750335,-5.0817086652971355,6
NIFTY,Strategy2_VPIN,2026-05-19 14:30:00,2026-05-19 15:00:00,Short,185.85252448971914,218.54000520085356,Time Stop,2393.3633894990053,17.170340810598994,6
NIFTY,Strategy2_VPIN,2026-05-19 15:00:00,2026-05-20 09:15:00,Short,185.3454863524712,291.1811462556161,Time Stop,7876.230794268505,56.65981549210063,6
NIFTY,Strategy2_VPIN,2026-05-20 09:15:00,2026-05-20 09:45:00,Short,183.85405984398494,157.9574295490038,Time Stop,-1997.6287891462707,-14.487061392363202,6
NIFTY,Strategy2_VPIN,2026-05-20 09:45:00,2026-05-20 10:15:00,Short,184.29937839287595,188.14501993639533,Time Stop,231.6631178391361,1.6759913126803467,6
NIFTY,Strategy2_VPIN,2026-05-20 10:15:00,2026-05-20 10:45:00,Short,184.23687754390994,183.28359831995658,Time Stop,-128.03436321037594,-0.9265923660685937,6
NIFTY,Strategy2_VPIN,2026-05-20 10:45:00,2026-05-20 11:15:00,Short,184.25250275615144,158.7848583411669,Time Stop,-1965.5100123732193,-14.223307565954524,6
NIFTY,Strategy2_VPIN,2026-05-20 11:20:00,2026-05-20 11:50:00,Long,207.56691313281226,225.19631143383594,Time Stop,1262.7305274712771,8.111315420573577,6
NIFTY,Strategy2_VPIN,2026-05-20 11:50:00,2026-05-20 12:20:00,Short,185.1423585933262,187.20288679493024,Time Stop,97.78407907783064,0.7042082270873367,6
NIFTY,Strategy2_VPIN,2026-05-20 12:20:00,2026-05-20 12:50:00,Long,207.81776518079823,203.86978550962522,Time Stop,-354.62441511904524,-2.2752268223109,6
NIFTY,Strategy2_VPIN,2026-05-20 12:50:00,2026-05-20 13:20:00,Long,207.75110519601913,191.7427185193592,Time Stop,-1258.6062228166875,-8.077654406886909,6
NIFTY,Strategy2_VPIN,2026-05-20 13:20:00,2026-05-20 13:50:00,Long,207.47569420627042,221.00947482437005,Time Stop,955.7517137510932,6.142095936634671,6
NIFTY,Strategy2_VPIN,2026-05-20 13:50:00,2026-05-20 14:20:00,Long,207.69847889224548,255.01999880786934,Time Stop,3488.2916621752847,22.393305788146993,6
NIFTY,Strategy2_VPIN,2026-05-20 14:20:00,2026-05-20 14:50:00,Long,208.40016294255474,212.8709550180738,Time Stop,276.352205355701,1.7680869435908402,6
NIFTY,Strategy2_VPIN,2026-05-20 14:50:00,2026-05-20 15:20:00,Long,208.4747168729009,199.50461131887096,Time Stop,-731.1169863208754,-4.675975403876654,6
NIFTY,Strategy2_VPIN,2026-05-20 15:20:00,2026-05-21 09:35:00,Long,208.3221005919586,263.015937844415,Time Stop,4040.8275822045957,25.862690968920177,6
NIFTY,Strategy2_VPIN,2026-05-21 09:35:00,2026-05-21 10:05:00,Long,209.176400923212,204.76380514756966,Time Stop,-389.57199244635996,-2.483211877483704,6
NIFTY,Strategy2_VPIN,2026-05-21 10:05:00,2026-05-21 10:35:00,Short,186.25252992311107,199.4871804253089,Time Stop,935.2405006991589,6.6951430661389,6
NIFTY,Strategy2_VPIN,2026-05-21 10:35:00,2026-05-21 11:05:00,Short,186.04080829723353,195.4057422277292,Time Stop,645.2049500135528,4.624110562400354,6
NIFTY,Strategy2_VPIN,2026-05-21 11:05:00,2026-05-21 11:35:00,Long,208.69487024368755,215.55603162892112,Time Stop,455.49581330825055,2.910123044081087,6
NIFTY,Strategy2_VPIN,2026-05-21 11:35:00,2026-05-21 12:05:00,Short,185.9915888786727,183.6143908672002,Time Stop,-234.92211994900185,-1.684105690766822,6
NIFTY,Strategy2_VPIN,2026-05-21 12:05:00,2026-05-21 12:35:00,Long,208.85274915500486,147.9001443608704,Time Stop,-4627.499239768299,-29.542340291525328,6
NIFTY,Strategy2_VPIN,2026-05-21 12:35:00,2026-05-21 13:05:00,Short,185.04157597436642,179.37039327024831,Time Stop,-481.7372414248659,-3.4712000182531977,6
NIFTY,Strategy2_VPIN,2026-05-21 13:05:00,2026-05-21 13:35:00,Long,207.84758675293597,223.17734641808238,Time Stop,1090.3358528932852,6.994457621098703,6
NIFTY,Strategy2_VPIN,2026-05-21 13:35:00,2026-05-21 14:05:00,Long,208.09931590598353,199.99499837876283,Time Stop,-666.1880586843662,-4.268398197492336,6
NIFTY,Strategy2_VPIN,2026-05-21 14:05:00,2026-05-21 14:35:00,Short,185.23689112738975,173.5986440865854,Time Stop,-929.0161271449547,-6.687049010527524,6
NIFTY,Strategy2_VPIN,2026-05-21 14:35:00,2026-05-21 15:05:00,Long,208.18000957177173,197.43537580952398,Time Stop,-864.1002245107402,-5.534314438023789,6
NIFTY,Strategy2_VPIN,2026-05-21 15:05:00,2026-05-22 09:20:00,Short,185.26814155187276,134.11362515102155,Time Stop,-3890.960909565471,-28.002374482544628,6
NIFTY,Strategy2_VPIN,2026-05-22 09:20:00,2026-05-22 09:50:00,Long,209.04044963846536,216.43489438926736,Time Stop,495.43696582890163,3.160070800879338,6
NIFTY,Strategy2_VPIN,2026-05-22 09:50:00,2026-05-22 10:20:00,Long,209.16324434726994,203.51526822548658,Time Stop,-482.1687421995259,-3.0736358975129168,6
NIFTY,Strategy2_VPIN,2026-05-22 10:20:00,2026-05-22 10:50:00,Long,209.0676398954147,222.49086595376139,Time Stop,947.3218216127896,6.041565125919273,6
NIFTY,Strategy2_VPIN,2026-05-22 10:50:00,2026-05-22 11:20:00,Short,186.4189384334877,189.78080126359055,Time Stop,195.21072397134424,1.3962152530333773,6
NIFTY,Strategy2_VPIN,2026-05-22 11:20:00,2026-05-22 11:50:00,Long,209.22727301686064,224.55484361920753,Time Stop,1090.047599927394,6.946497839151541,6
NIFTY,Strategy2_VPIN,2026-05-22 11:50:00,2026-05-22 12:20:00,Short,186.61190980467654,205.7422258320803,Time Stop,1377.1177659516272,9.839441776201262,6
NIFTY,Strategy2_VPIN,2026-05-22 12:20:00,2026-05-22 12:50:00,Short,186.30878068718084,158.5449108369521,Time Stop,-2137.808654885741,-15.299394528450048,6
NIFTY,Strategy2_VPIN,2026-05-22 12:50:00,2026-05-22 13:20:00,Long,209.70266396094667,195.18613426825505,Time Stop,-1146.9597228721855,-7.292609457651182,6
NIFTY,Strategy2_VPIN,2026-05-22 13:20:00,2026-05-22 13:50:00,Short,186.5658154285611,190.45953276139699,Time Stop,235.06265929414263,1.6799266164538535,6
NIFTY,Strategy2_VPIN,2026-05-22 13:50:00,2026-05-22 14:20:00,Short,186.50253331898057,210.70861461298227,Time Stop,1757.5815953931897,12.565202656968012,6
NIFTY,Strategy2_VPIN,2026-05-22 14:20:00,2026-05-22 14:50:00,Short,186.12205940089189,201.00900079511666,Time Stop,1059.099706858038,7.587133663913334,6
NIFTY,Strategy2_VPIN,2026-05-22 14:50:00,2026-05-22 15:20:00,Short,185.88455617481668,166.94006427018212,Time Stop,-1476.7140007676169,-10.592337747369243,6
NIFTY,Strategy2_VPIN,2026-05-22 15:20:00,2026-05-25 09:35:00,Long,209.08342778654878,310.70395997138075,Time Stop,7558.149481413291,48.19861979770316,6
NIFTY,Strategy2_VPIN,2026-05-25 09:35:00,2026-05-25 10:05:00,Short,187.58067296367153,181.44122154273282,Time Stop,-517.0648418231916,-3.675324212271633,6
NIFTY,Strategy2_VPIN,2026-05-25 10:05:00,2026-05-25 10:35:00,Long,210.72449135921306,226.10426169266248,Time Stop,1093.8254811213717,6.921046364479605,6
NIFTY,Strategy2_VPIN,2026-05-25 10:35:00,2026-05-25 11:05:00,Long,210.97095788188562,201.64353841060074,Time Stop,-758.1241126795281,-4.791333178689439,6
NIFTY,Strategy2_VPIN,2026-05-25 11:05:00,2026-05-25 11:35:00,Long,210.81220186550308,212.01617068667656,Time Stop,31.270384823162587,0.1977771972491605,6
NIFTY,Strategy2_VPIN,2026-05-25 11:35:00,2026-05-25 12:05:00,Long,210.83237528194877,201.91177120822613,Time Stop,-727.6187921212561,-4.601562678396063,6
NIFTY,Strategy2_VPIN,2026-05-25 12:05:00,2026-05-25 12:35:00,Long,210.68063610606987,210.83743624153612,Time Stop,-47.208303095673095,-0.29876691703111224,6
NIFTY,Strategy2_VPIN,2026-05-25 12:35:00,2026-05-25 13:05:00,Long,210.68326742125828,212.09705458537792,Time Stop,47.008922818674364,0.29750138454473257,6
NIFTY,Strategy2_VPIN,2026-05-25 13:05:00,2026-05-25 13:35:00,Short,187.68223684324403,183.88814617989192,Time Stop,-341.2774669874492,-2.4245055382091807,6
NIFTY,Strategy2_VPIN,2026-05-25 13:35:00,2026-05-25 14:05:00,Short,187.74473769221004,194.26310323498365,Time Stop,431.6870628662969,3.0657730148048676,6
NIFTY,Strategy2_VPIN,2026-05-25 14:05:00,2026-05-25 14:35:00,Short,187.63926750957944,169.7135373238234,Time Stop,-1400.510640149206,-9.951794978647573,6
NIFTY,Strategy2_VPIN,2026-05-25 14:35:00,2026-05-25 15:05:00,Long,210.99902524389654,226.32382660623261,Time Stop,1089.6805738419498,6.885849022808668,6
NIFTY,Strategy2_VPIN,2026-05-25 15:05:00,2026-05-26 09:20:00,Short,188.14552438621467,194.0297341158057,Time Stop,384.11784308673566,2.7221329116727744,6
NIFTY,Strategy2_VPIN,2026-05-26 09:20:00,2026-05-26 09:50:00,Long,211.12006574257612,223.8361398270481,Time Stop,894.1325270847657,5.646913279353266,6
NIFTY,Strategy2_VPIN,2026-05-26 09:50:00,2026-05-26 10:20:00,Short,188.2369318778292,174.99765983757607,Time Stop,-1049.2909596461777,-7.432412964367662,6
NIFTY,Strategy2_VPIN,2026-05-26 10:20:00,2026-05-26 10:50:00,Long,211.57879169046828,218.22594203029257,Time Stop,439.1950624693877,2.7677321150531533,6
NIFTY,Strategy2_VPIN,2026-05-26 10:50:00,2026-05-26 11:20:00,Long,211.6893069283924,193.8874369061832,Time Stop,-1393.391205138245,-8.776328701443472,6
NIFTY,Strategy2_VPIN,2026-05-26 11:20:00,2026-05-26 11:50:00,Short,188.28380751455552,183.126809291658,Time Stop,-443.48834447359417,-3.1405663632850973,6
NIFTY,Strategy2_VPIN,2026-05-26 11:50:00,2026-05-26 12:20:00,Short,188.3689649212738,197.73204232144235,Time Stop,644.856259686719,4.564490475425735,6
NIFTY,Strategy2_VPIN,2026-05-26 12:20:00,2026-05-26 12:50:00,Short,188.21818162313866,209.89528190038618,Time Stop,1567.8674149350052,11.106737237349932,6
NIFTY,Strategy2_VPIN,2026-05-26 12:50:00,2026-05-26 13:20:00,Short,187.85411417790237,196.47920372504996,Time Stop,589.5867167304358,4.184713365195597,6
NIFTY,Strategy2_VPIN,2026-05-26 13:20:00,2026-05-26 13:50:00,Short,187.7369250860902,202.42002350300208,Time Stop,1043.6753185818825,7.412324937166098,6
NIFTY,Strategy2_VPIN,2026-05-26 13:50:00,2026-05-26 14:20:00,Short,187.5025469024622,193.38696004769554,Time Stop,384.19095807974327,2.731987480892529,6
NIFTY,Strategy2_VPIN,2026-05-26 14:20:00,2026-05-26 14:50:00,Long,210.39820827581934,192.4510122815591,Time Stop,-1404.167914494601,-8.898478277621209,6
NIFTY,Strategy2_VPIN,2026-05-26 14:50:00,2026-05-26 15:20:00,Short,187.13144811171696,174.94216462676377,Time Stop,-970.4895739447212,-6.914851093443447,6
NIFTY,Strategy2_VPIN,2026-05-26 15:20:00,2026-05-27 09:35:00,Long,210.31488329484273,191.8740203850739,Time Stop,-1441.1632188982592,-9.136542922819062,6
NIFTY,Strategy2_VPIN,2026-05-27 09:35:00,2026-05-27 10:05:00,Short,187.0494157474459,166.107680719977,Time Stop,-1626.5221964012012,-11.594242372809342,6
NIFTY,Strategy2_VPIN,2026-05-27 10:05:00,2026-05-27 10:35:00,Long,210.39645406569252,229.94550014263586,Time Stop,1406.3630678313757,8.912463688779749,6
NIFTY,Strategy2_VPIN,2026-05-27 10:35:00,2026-05-27 11:05:00,Long,210.71572030858442,214.39309889573087,Time Stop,216.67349717178953,1.3710320037155916,6
NIFTY,Strategy2_VPIN,2026-05-27 11:05:00,2026-05-27 11:35:00,Long,210.7771176629867,199.9797252118242,Time Stop,-868.2884917665557,-5.4926170442901645,6
NIFTY,Strategy2_VPIN,2026-05-27 11:35:00,2026-05-27 12:05:00,Short,187.58067296367153,198.57525229573548,Time Stop,767.216433268123,5.4534149397982565,6
NIFTY,Strategy2_VPIN,2026-05-27 12:05:00,2026-05-27 12:35:00,Long,210.39469985556752,212.80687288704394,Time Stop,121.8689065873135,0.7723192435992889,6
NIFTY,Strategy2_VPIN,2026-05-27 12:35:00,2026-05-27 13:05:00,Long,210.43504668846072,194.02388866128786,Time Stop,-1289.0375041287032,-8.167445010792733,6
NIFTY,Strategy2_VPIN,2026-05-27 13:05:00,2026-05-27 13:35:00,Short,187.11972920253538,180.9804437620005,Time Stop,-517.0109158235199,-3.6839936157589994,6
NIFTY,Strategy2_VPIN,2026-05-27 13:35:00,2026-05-27 14:05:00,Long,210.18945727085156,218.17106370043257,Time Stop,539.3442587748677,3.4213213531438926,6
NIFTY,Strategy2_VPIN,2026-05-27 14:05:00,2026-05-27 14:35:00,Short,187.33926343453277,210.0980790208414,Time Stop,1649.0264885626552,11.736471812907288,6
NIFTY,Strategy2_VPIN,2026-05-27 14:35:00,2026-05-27 15:05:00,Short,186.98066481358364,169.9516125842929,Time Stop,-1333.240869679711,-9.507156767672052,6
NIFTY,Strategy2_VPIN,2026-05-27 15:05:00,2026-05-29 09:20:00,Long,210.2420835746234,239.62155906437147,Time Stop,2143.2167978123507,13.592057063441576,6
NIFTY,Strategy2_VPIN,2026-05-29 09:20:00,2026-05-29 09:50:00,Short,187.70020583732185,203.28725725502045,Time Stop,1111.4344204882398,7.895103545785918,6
NIFTY,Strategy2_VPIN,2026-05-29 09:50:00,2026-05-29 10:20:00,Short,187.45176496267413,163.35214986804567,Time Stop,-1863.257308264517,-13.253239190256282,6
NIFTY,Strategy2_VPIN,2026-05-29 10:20:00,2026-05-29 10:50:00,Long,210.91131473760834,178.0224007779707,Time Stop,-2524.1705641710246,-15.957231865038048,6
NIFTY,Strategy2_VPIN,2026-05-29 10:50:00,2026-05-29 11:20:00,Short,187.34629478004354,171.79936266416553,Time Stop,-1222.18146327584,-8.698198628806681,6
NIFTY,Strategy2_VPIN,2026-05-29 11:20:00,2026-05-29 11:50:00,Long,210.623624276981,214.03704432535596,Time Stop,196.89677354101786,1.246436776924817,6
NIFTY,Strategy2_VPIN,2026-05-29 11:50:00,2026-05-29 12:20:00,Long,210.68063610606987,173.5080093098877,Time Stop,-2845.23549875738,-18.00662558170057,6
NIFTY,Strategy2_VPIN,2026-05-29 12:20:00,2026-05-29 12:50:00,Long,210.01842178358675,200.99656149652947,Time Stop,-735.1351957769012,-4.667115640197954,6
NIFTY,Strategy2_VPIN,2026-05-29 12:50:00,2026-05-29 13:20:00,Short,186.9322266556319,223.81857065852637,Time Stop,2707.9920143379486,19.31532129967534,6
NIFTY,Strategy2_VPIN,2026-05-29 13:20:00,2026-05-29 13:50:00,Short,186.36346893002883,206.15658808584158,Time Stop,1426.8205341202417,10.20815608203379,6
NIFTY,Strategy2_VPIN,2026-05-29 13:50:00,2026-05-29 14:20:00,Short,186.0501834245788,182.30342218963779,Time Stop,-337.5830048732151,-2.419297121234783,6
NIFTY,Strategy2_VPIN,2026-05-29 14:20:00,2026-05-29 14:50:00,Long,208.94396808154852,226.62538761880933,Time Stop,1266.5058442880445,8.08194883324727,6
NIFTY,Strategy2_VPIN,2026-05-29 14:50:00,2026-05-29 15:20:00,Short,186.3314372449331,256.4242046259078,Time Stop,5197.033549688914,37.18845391152756,6
NIFTY,Strategy2_VPIN,2026-05-29 15:20:00,2026-06-01 09:35:00,Short,185.29939197635758,204.28137033497478,Time Stop,1366.1172425922798,9.829981832979307,6
NIFTY,Strategy2_VPIN,2026-06-01 09:35:00,2026-06-01 10:05:00,Short,184.99860664070002,208.59266759630736,Time Stop,1711.8429643298857,12.33769987363265,6
NIFTY,Strategy2_VPIN,2026-06-01 10:05:00,2026-06-01 10:35:00,Long,207.2774684620581,197.09021986807602,Time Stop,-822.2401905235117,-5.289143398777225,6
NIFTY,Strategy2_VPIN,2026-06-01 10:35:00,2026-06-01 11:05:00,Long,207.1038016596067,243.4669849028487,Time Stop,2666.963057847841,17.169896039096564,6
NIFTY,Strategy2_VPIN,2026-06-01 11:05:00,2026-06-01 11:35:00,Long,207.68444521123638,183.4399485926897,Time Stop,-1875.9378441121785,-12.043513688626078,6
NIFTY,Strategy2_VPIN,2026-06-01 11:35:00,2026-06-01 12:05:00,Long,207.261680570924,177.51437175830688,Time Stop,-2288.3630833010993,-14.72124885473323,6
NIFTY,Strategy2_VPIN,2026-06-01 12:05:00,2026-06-01 12:35:00,Long,206.73804884837955,209.0977466512395,Time Stop,118.26472441701378,0.7627347752436768,6
NIFTY,Strategy2_VPIN,2026-06-01 12:35:00,2026-06-01 13:05:00,Long,206.77751857621115,188.98723517680446,Time Stop,-1392.0806688743874,-8.976350868699901,6
NIFTY,Strategy2_VPIN,2026-06-01 13:05:00,2026-06-01 13:35:00,Short,183.9087480868293,180.58652841162257,Time Stop,-305.5687630829347,-2.2153650747029956,6
NIFTY,Strategy2_VPIN,2026-06-01 13:35:00,2026-06-01 14:05:00,Long,206.531929158602,177.92927200522172,Time Stop,-2202.500040555893,-14.218947804850249,6
NIFTY,Strategy2_VPIN,2026-06-01 14:05:00,2026-06-01 14:35:00,Short,183.51577399894632,182.51492321326623,Time Stop,-131.53519030055602,-0.9556685505142554,6
NIFTY,Strategy2_VPIN,2026-06-01 14:35:00,2026-06-01 15:05:00,Long,206.07583452590006,203.47330155272903,Time Stop,-253.6196841113661,-1.6409472735759039,6
NIFTY,Strategy2_VPIN,2026-06-01 15:05:00,2026-06-02 09:20:00,Long,206.01531427655937,142.99843677549325,Time Stop,-4781.971431377301,-30.948970618484413,6
NIFTY,Strategy2_VPIN,2026-06-02 09:20:00,2026-06-02 09:50:00,Long,204.83297665178543,223.67900411815936,Time Stop,1354.169020843397,8.814785216578185,6
NIFTY,Strategy2_VPIN,2026-06-02 09:50:00,2026-06-02 10:20:00,Long,205.15487420986574,222.84435121594106,Time Stop,1267.4508103114879,8.23735931333472,6
NIFTY,Strategy2_VPIN,2026-06-02 10:20:00,2026-06-02 10:50:00,Long,205.50571623502037,181.3195244340277,Time Stop,-1871.3715209045577,-12.141569945525152,6
NIFTY,Strategy2_VPIN,2026-06-02 10:50:00,2026-06-02 11:20:00,Short,182.6735750591106,154.17115693676715,Time Stop,-2192.8393721155726,-16.005521480276137,6
NIFTY,Strategy2_VPIN,2026-06-02 11:20:00,2026-06-02 11:50:00,Long,205.6372819944536,176.23315479075973,Time Stop,-2262.4937099323743,-14.669802336675492,6
NIFTY,Strategy2_VPIN,2026-06-02 11:50:00,2026-06-02 12:20:00,Short,182.66888749543796,187.67876715476632,Time Stop,319.075329990368,2.3289886917996125,6
NIFTY,Strategy2_VPIN,2026-06-02 12:20:00,2026-06-02 12:50:00,Short,182.6149805132045,115.9826981869628,Time Stop,-5050.8580700096345,-36.87801191202141,6
NIFTY,Strategy2_VPIN,2026-06-02 12:50:00,2026-06-02 13:20:00,Long,206.43544760168334,235.83624494332253,Time Stop,2145.157574458414,13.855227542106302,6
NIFTY,Strategy2_VPIN,2026-06-02 13:20:00,2026-06-02 13:50:00,Long,206.90908433564437,222.3495277227721,Time Stop,1098.716616491952,7.08018931773682,6
NIFTY,Strategy2_VPIN,2026-06-02 13:50:00,2026-06-02 14:20:00,Short,184.5251627097732,179.27541980143724,Time Stop,-450.1017443382026,-3.252324237543229,6
NIFTY,Strategy2_VPIN,2026-06-02 14:20:00,2026-06-02 14:50:00,Long,207.259926360799,173.8869597046014,Time Stop,-2560.1241090877634,-16.46965176555541,6
NIFTY,Strategy2_VPIN,2026-06-02 14:50:00,2026-06-02 15:20:00,Long,206.66875754841203,234.65519348434464,Time Stop,2039.1231173984713,13.155499919048369,6
NIFTY,Strategy2_VPIN,2026-06-02 15:20:00,2026-06-03 09:35:00,Short,184.48766220039215,351.43041346918835,Time Stop,12456.590031754584,90.02654438195167,6
NIFTY,Strategy2_VPIN,2026-06-03 09:35:00,2026-06-03 10:05:00,Long,204.6417677480731,203.2859227054323,Time Stop,-160.0451242684673,-1.0427661047539616,6
NIFTY,Strategy2_VPIN,2026-06-03 10:05:00,2026-06-03 10:35:00,Short,182.25950693470077,199.93047292990377,Time Stop,1268.1239005463183,9.27705717979845,6
NIFTY,Strategy2_VPIN,2026-06-03 10:35:00,2026-06-03 11:05:00,Long,204.30408229886052,187.01393789419853,Time Stop,-1354.3701412583366,-8.83891714101685,6
NIFTY,Strategy2_VPIN,2026-06-03 11:05:00,2026-06-03 11:35:00,Short,181.71340576684815,178.67458642221027,Time Stop,-284.12891049634914,-2.0848134221563357,6
NIFTY,Strategy2_VPIN,2026-06-03 11:35:00,2026-06-03 12:05:00,Short,181.7634064460217,191.9718137407126,Time Stop,708.8124621934155,5.199524488474062,6
NIFTY,Strategy2_VPIN,2026-06-03 12:05:00,2026-06-03 12:35:00,Long,203.87780923829632,301.58140700279364,Time Stop,7265.02416760645,47.51227672267133,6
NIFTY,Strategy2_VPIN,2026-06-03 12:35:00,2026-06-03 13:05:00,Long,205.33117232750556,185.03658278056173,Time Stop,-1579.66076500065,-10.257645390417213,6
NIFTY,Strategy2_VPIN,2026-06-03 13:05:00,2026-06-03 13:35:00,Short,182.58060504627065,161.04358285296985,Time Stop,-1670.7397529530258,-12.200929027334654,6
NIFTY,Strategy2_VPIN,2026-06-03 13:35:00,2026-06-03 14:05:00,Short,182.94779753395414,149.42816626380773,Time Stop,-2568.9292636318805,-18.722493871729363,6
NIFTY,Strategy2_VPIN,2026-06-03 14:05:00,2026-06-03 14:35:00,Short,183.53374299302595,155.23703027707415,Time Stop,-2177.4981384935395,-15.819057596591609,6
NIFTY,Strategy2_VPIN,2026-06-03 14:35:00,2026-06-03 15:05:00,Long,206.5582423104879,186.3087179131162,Time Stop,-1576.393343012941,-10.175618107383558,6
NIFTY,Strategy2_VPIN,2026-06-03 15:05:00,2026-06-04 09:20:00,Short,183.67046360014137,231.93947006721828,Time Stop,3561.4730380157366,25.854079225782822,6
NIFTY,Strategy2_VPIN,2026-06-04 09:20:00,2026-06-04 09:50:00,Long,205.3820444211542,228.66217228691676,Time Stop,1686.4776001803282,10.948555929404458,6
NIFTY,Strategy2_VPIN,2026-06-04 09:50:00,2026-06-04 10:20:00,Long,205.76007670325816,232.34277890579324,Time Stop,1933.9880366877233,12.532318012801355,6
NIFTY,Strategy2_VPIN,2026-06-04 10:20:00,2026-06-04 10:50:00,Long,206.18985818407418,191.32951024604154,Time Stop,-1172.4144669318036,-7.58145576610686,6
NIFTY,Strategy2_VPIN,2026-06-04 10:50:00,2026-06-04 11:20:00,Short,183.43139785284075,202.0634233796536,Time Stop,1340.054647555503,9.740641738484866,6
NIFTY,Strategy2_VPIN,2026-06-04 11:20:00,2026-06-04 11:50:00,Short,183.13608134147034,174.25815822590448,Time Stop,-721.9269744479716,-5.25603306684925,6
NIFTY,Strategy2_VPIN,2026-06-04 11:50:00,2026-06-04 12:20:00,Short,183.28373959715464,167.07236917247792,Time Stop,-1271.6188067453872,-9.250639178651419,6
NIFTY,Strategy2_VPIN,2026-06-04 12:20:00,2026-06-04 12:50:00,Long,206.07583452590006,185.09400539383932,Time Stop,-1631.2398277009436,-10.554301245162417,6
NIFTY,Strategy2_VPIN,2026-06-04 12:50:00,2026-06-04 13:20:00,Long,205.71183592479974,186.64282773838204,Time Stop,-1487.831573846171,-9.643467634599723,6
NIFTY,Strategy2_VPIN,2026-06-04 13:20:00,2026-06-04 13:50:00,Long,205.3820444211542,207.84705912082973,Time Stop,126.28079281627481,0.8198106650279177,6
NIFTY,Strategy2_VPIN,2026-06-04 13:50:00,2026-06-04 14:20:00,Short,182.97592291599176,157.77638184182433,Time Stop,-1945.2994342766588,-14.175267093618565,6
NIFTY,Strategy2_VPIN,2026-06-04 14:20:00,2026-06-04 14:50:00,Long,205.90918456395048,203.5659930208567,Time Stop,-234.16574872334985,-1.5163043793261752,6
NIFTY,Strategy2_VPIN,2026-06-04 14:50:00,2026-06-04 15:20:00,Short,183.37358456754555,162.80099526032063,Time Stop,-1598.5220541341228,-11.623063070245054,6
NIFTY,Strategy2_VPIN,2026-06-04 15:20:00,2026-06-05 09:35:00,Long,206.29511079162148,208.65482627060192,Time Stop,118.30591375573246,0.7646386661112434,6
NIFTY,Strategy2_VPIN,2026-06-05 09:35:00,2026-06-05 10:05:00,Long,206.33458051945126,221.72136578766003,Time Stop,1094.7463775318377,7.074247239771396,6
NIFTY,Strategy2_VPIN,2026-06-05 10:05:00,2026-06-05 10:35:00,Long,206.58718677756406,152.61555241944734,Time Stop,-4104.03670012262,-26.487842827293417,6
NIFTY,Strategy2_VPIN,2026-06-05 10:35:00,2026-06-05 11:05:00,Short,183.12748747473597,131.65652875824344,Time Stop,-3914.487184467424,-28.500998500711784,6
NIFTY,Strategy2_VPIN,2026-06-05 11:05:00,2026-06-05 11:35:00,Long,206.64595281677794,174.21525470234155,Time Stop,-2489.441112921089,-16.062520325143396,6
NIFTY,Strategy3_VolumeSpike,2026-05-19 13:35:00,2026-05-19 14:15:00,Short,185.80330507115832,176.96951778037146,Time Stop,-718.8588238373333,-5.1585650288407745,8
NIFTY,Strategy3_VolumeSpike,2026-05-19 14:40:00,2026-05-19 15:20:00,Short,185.51814494774408,215.04341155077964,Time Stop,2156.3697251852336,15.497996890763293,8
NIFTY,Strategy3_VolumeSpike,2026-05-20 09:15:00,2026-05-20 09:55:00,Short,183.85405984398494,149.2833672632005,Time Stop,-2647.7931277786574,-19.20213695598581,8
NIFTY,Strategy3_VolumeSpike,2026-05-20 15:25:00,2026-05-21 09:50:00,Long,209.61933897997187,203.8685157985674,Time Stop,-489.91869207037064,-3.116243596316782,8
NIFTY,Strategy3_VolumeSpike,2026-05-21 11:15:00,2026-05-21 11:55:00,Short,185.55564545712514,169.15852100579286,Time Stop,-1285.746471340752,-9.23889232381481,8
NIFTY,Strategy3_VolumeSpike,2026-05-21 12:35:00,2026-05-21 13:15:00,Short,185.04157597436642,179.13662022725475,Time Stop,-499.2596998624483,-3.597459632038659,8
NIFTY,Strategy3_VolumeSpike,2026-05-22 09:15:00,2026-05-22 09:55:00,Long,208.63522709941208,249.03319572106193,Time Stop,2969.2525675968177,18.975718906644694,8
NIFTY,Strategy3_VolumeSpike,2026-05-22 11:45:00,2026-05-22 12:25:00,Long,209.57548372682868,185.46764806077772,Time Stop,-1865.8646158842644,-11.870756271704165,8
NIFTY,Strategy3_VolumeSpike,2026-05-22 14:25:00,2026-05-22 15:05:00,Short,185.95565089051524,192.47471681995194,Time Stop,431.9005781607809,3.0967998809929163,8
NIFTY,Strategy3_VolumeSpike,2026-05-25 09:15:00,2026-05-25 09:55:00,Long,210.84290054270423,197.2757888635424,Time Stop,-1075.8987169604181,-6.803793814832955,8
NIFTY,Strategy3_VolumeSpike,2026-05-25 12:00:00,2026-05-25 12:40:00,Short,187.6509864187592,190.81956639385862,Time Stop,180.61232325588864,1.2833208905731468,8
NIFTY,Strategy3_VolumeSpike,2026-05-25 12:45:00,2026-05-25 13:25:00,Short,187.45489000512316,167.17404166170854,Time Stop,-1577.0219276811038,-11.217076831217037,8
NIFTY,Strategy3_VolumeSpike,2026-05-25 14:35:00,2026-05-25 15:15:00,Long,210.99902524389654,230.71203831627645,Time Stop,1418.5989825682852,8.964331981650993,8
NIFTY,Strategy3_VolumeSpike,2026-05-25 15:25:00,2026-05-26 09:50:00,Long,211.42617540952597,205.72630448402379,Time Stop,-486.26218100787344,-3.0665530103892364,8
NIFTY,Strategy3_VolumeSpike,2026-05-26 12:45:00,2026-05-26 13:25:00,Short,187.89317720850886,196.61658855726637,Time Stop,596.9529116973532,4.236115581318865,8
NIFTY,Strategy3_VolumeSpike,2026-05-26 14:00:00,2026-05-26 14:40:00,Short,187.30723174943705,190.6690011488463,Time Stop,195.1237744752703,1.3889748420483805,8
NIFTY,Strategy3_VolumeSpike,2026-05-27 12:00:00,2026-05-27 12:40:00,Short,187.32832578596572,177.84674018708938,Time Stop,-767.5517978845127,-5.463148153839004,8
NIFTY,Strategy3_VolumeSpike,2026-05-27 14:35:00,2026-05-27 15:15:00,Short,186.98066481358364,154.75345009261764,Time Stop,-2472.4191392432294,-17.630479898073503,8
NIFTY,Strategy3_VolumeSpike,2026-05-27 15:15:00,2026-05-29 09:40:00,Long,210.54907034663665,188.3314504878308,Time Stop,-1724.2711128479896,-10.919203521910545,8
NIFTY,Strategy3_VolumeSpike,2026-05-29 12:10:00,2026-05-29 12:50:00,Short,186.95566447399506,188.39162860170472,Time Stop,50.80668138981854,0.36234388534675355,8
NIFTY,Strategy3_VolumeSpike,2026-05-29 13:05:00,2026-05-29 13:45:00,Short,186.68534830221142,223.89624605157042,Time Stop,2732.3411594560043,19.514769525692788,8
NIFTY,Strategy3_VolumeSpike,2026-05-29 15:00:00,2026-06-01 09:25:00,Short,185.30486080064293,214.4643199520633,Time Stop,2128.9698232226565,15.318683053961706,8
NIFTY,Strategy3_VolumeSpike,2026-06-01 11:55:00,2026-06-01 12:35:00,Short,184.06500020924796,176.99469006947947,Time Stop,-586.5209465451787,-4.24865089961635,8
NIFTY,Strategy3_VolumeSpike,2026-06-01 14:00:00,2026-06-01 14:40:00,Short,183.6728073819777,192.79317334794905,Time Stop,627.0864783150053,4.552199731347103,8
NIFTY,Strategy3_VolumeSpike,2026-06-02 09:15:00,2026-06-02 09:55:00,Short,182.37669602651476,157.74384879570607,Time Stop,-1902.7689668276519,-13.91090717387868,8
NIFTY,Strategy3_VolumeSpike,2026-06-02 12:40:00,2026-06-02 13:20:00,Long,205.8109487969068,277.5617654007965,Time Stop,5319.55947315283,34.46243266291367,8
NIFTY,Strategy3_VolumeSpike,2026-06-02 14:40:00,2026-06-02 15:20:00,Short,183.8774976623481,149.05766473964468,Time Stop,-2666.4695515108465,-19.335115936134468,8
NIFTY,Strategy3_VolumeSpike,2026-06-03 09:15:00,2026-06-03 09:55:00,Short,182.47591612425094,203.0494254224759,Time Stop,1485.6645569972695,10.855602854721608,8
NIFTY,Strategy3_VolumeSpike,2026-06-03 12:00:00,2026-06-03 12:40:00,Short,181.49699657729798,111.27978739266837,Time Stop,-5319.465644125869,-39.07844753680983,8
NIFTY,Strategy3_VolumeSpike,2026-06-03 14:20:00,2026-06-03 15:00:00,Long,206.5766615168086,209.6738563656545,Time Stop,173.5583403587318,1.1202190933823364,8
NIFTY,Strategy3_VolumeSpike,2026-06-04 09:15:00,2026-06-04 09:55:00,Short,182.91498458824753,156.5944012295804,Time Stop,-2029.3216742618374,-14.79245802873913,8
NIFTY,Strategy3_VolumeSpike,2026-06-04 13:10:00,2026-06-04 13:50:00,Short,182.65873110747998,163.94823635126522,Time Stop,-1458.8844202517503,-10.649254022561628,8
NIFTY,Strategy3_VolumeSpike,2026-06-05 10:35:00,2026-06-05 11:15:00,Short,183.12748747473597,155.09041183560294,Time Stop,-2158.000478403943,-15.712190512099994,8
NIFTY,Strategy5_VolumeDivergence,2026-05-20 10:20:00,2026-05-20 10:50:00,Long,206.5582423104879,243.79097586764692,Time Stop,2732.1893019689096,17.6362803466154,6
NIFTY,Strategy5_VolumeDivergence,2026-05-20 11:35:00,2026-05-20 12:05:00,Short,185.06188875028238,198.498278258583,Time Stop,950.4690056071487,6.847936201419887,6
NIFTY,Strategy5_VolumeDivergence,2026-05-20 14:55:00,2026-05-20 15:25:00,Short,185.62908395466002,177.8144517036999,Time Stop,-642.452377926636,-4.614595688992754,6
NIFTY,Strategy5_VolumeDivergence,2026-05-22 09:55:00,2026-05-22 10:25:00,Short,186.40878204552973,197.10740675122906,Time Stop,745.1386244315956,5.3297819716784085,6
NIFTY,Strategy5_VolumeDivergence,2026-05-22 14:00:00,2026-05-22 14:30:00,Long,208.98782333469353,199.76325388261284,Time Stop,-750.2365073808303,-4.786476681813359,6
NIFTY,Strategy5_VolumeDivergence,2026-05-22 14:45:00,2026-05-22 15:15:00,Long,208.73170865632892,220.53054359720045,Time Stop,825.5958192139559,5.273728810561485,6
NIFTY,Strategy5_VolumeDivergence,2026-05-25 10:10:00,2026-05-25 10:40:00,Short,187.69786205548553,177.66289571946982,Time Stop,-809.0637093010515,-5.747277036552027,6
NIFTY,Strategy5_VolumeDivergence,2026-05-25 12:50:00,2026-05-25 13:20:00,Long,210.54468482132143,226.30677308587292,Time Stop,1122.4983042355384,7.108535686462602,6
NIFTY,Strategy5_VolumeDivergence,2026-05-26 13:55:00,2026-05-26 14:25:00,Long,210.4139961669498,204.66298612875107,Time Stop,-490.0042170682112,-3.1050166243340884,6
NIFTY,Strategy5_VolumeDivergence,2026-05-27 10:55:00,2026-05-27 11:25:00,Short,187.80723854117787,191.6523938929895,Time Stop,231.3109679263345,1.6421870972462949,6
NIFTY,Strategy5_VolumeDivergence,2026-05-29 12:55:00,2026-05-29 13:25:00,Long,209.9263257519815,169.59357993918093,Time Stop,-3082.034331716145,-19.575339558936054,6
NIFTY,Strategy5_VolumeDivergence,2026-05-29 14:15:00,2026-05-29 14:45:00,Long,208.80187706135985,238.30249909681334,Time Stop,2152.426955731894,13.74462072866882,6
NIFTY,Strategy5_VolumeDivergence,2026-06-01 09:20:00,2026-06-01 09:50:00,Long,207.56691313281226,203.15454275599222,Time Stop,-389.4102437764989,-2.501427855394491,6
NIFTY,Strategy5_VolumeDivergence,2026-06-01 10:00:00,2026-06-01 10:30:00,Long,207.07924271784577,196.38610761441123,Time Stop,-860.1410735225422,-5.538241060014697,6
NIFTY,Strategy5_VolumeDivergence,2026-06-01 10:30:00,2026-06-01 11:00:00,Long,206.88189407869504,243.82328421989587,Time Stop,2710.3225275666255,17.467760463920577,6
NIFTY,Strategy5_VolumeDivergence,2026-06-01 11:10:00,2026-06-01 11:40:00,Short,184.95563730703725,213.2268770409264,Time Stop,2062.424766896029,14.867887939147858,6
NIFTY,Strategy5_VolumeDivergence,2026-06-01 13:00:00,2026-06-01 13:30:00,Long,206.63367334589566,199.60234777924597,Time Stop,-585.6300384493577,-3.7788615893147215,6
NIFTY,Strategy5_VolumeDivergence,2026-06-01 14:05:00,2026-06-01 14:35:00,Long,206.02934795756664,207.12849717188692,Time Stop,23.844088043195413,0.1543086832341723,6
NIFTY,Strategy5_VolumeDivergence,2026-06-02 10:25:00,2026-06-02 10:55:00,Short,183.1868632812566,216.32388078517943,Time Stop,2427.298329311223,17.667193566418295,6
NIFTY,Strategy5_VolumeDivergence,2026-06-02 13:25:00,2026-06-02 13:55:00,Short,184.454067994071,180.56624817361262,Time Stop,-348.012400761925,-2.515621039944472,6
NIFTY,Strategy5_VolumeDivergence,2026-06-02 14:10:00,2026-06-02 14:40:00,Short,184.58922607996283,231.45918465310024,Time Stop,3456.5247145023177,24.967327276945,6
NIFTY,Strategy5_VolumeDivergence,2026-06-03 09:35:00,2026-06-03 10:05:00,Long,204.6417677480731,203.2859227054323,Time Stop,-160.0451242684673,-1.0427661047539616,6
NIFTY,Strategy5_VolumeDivergence,2026-06-03 10:30:00,2026-06-03 11:00:00,Long,204.1900586406864,204.1900586406864,Time Stop,-58.37710527766178,-0.38119456396838636,6
NIFTY,Strategy5_VolumeDivergence,2026-06-03 11:10:00,2026-06-03 11:40:00,Long,204.03217972936727,211.96304036823312,Time Stop,536.0947630105469,3.5033347107084425,6
NIFTY,Strategy5_VolumeDivergence,2026-06-03 13:20:00,2026-06-03 13:50:00,Short,183.04701763169214,163.138247312987,Time Stop,-1548.7361108253958,-11.281153376972606,6
NIFTY,Strategy5_VolumeDivergence,2026-06-03 14:50:00,2026-06-03 15:20:00,Short,184.16656408882227,219.58504330547112,Time Stop,2598.2171189159203,18.8106321526262,6
NIFTY,Strategy5_VolumeDivergence,2026-06-04 10:25:00,2026-06-04 10:55:00,Short,183.51811778078263,186.30107684282666,Time Stop,152.08006589523973,1.1049231740479777,6
NIFTY,Strategy5_VolumeDivergence,2026-06-04 14:35:00,2026-06-04 15:05:00,Short,183.69780772156628,200.40320086209067,Time Stop,1195.6199401530648,8.678165188668883,6
BANKNIFTY,Strategy2_VPIN,2026-05-19 12:30:00,2026-05-19 13:00:00,Short,421.72135336567226,460.8535220224476,Time Stop,2855.1967798656838,9.027119469855121,6
BANKNIFTY,Strategy2_VPIN,2026-05-19 13:05:00,2026-05-19 13:35:00,Long,473.26133299343564,459.2821578182047,Time Stop,-1130.402595228843,-3.184717100744061,6
BANKNIFTY,Strategy2_VPIN,2026-05-19 13:35:00,2026-05-19 14:05:00,Short,421.3354106232946,438.3621680401084,Time Stop,1198.3204152211804,3.7921345164523994,6
BANKNIFTY,Strategy2_VPIN,2026-05-19 14:05:00,2026-05-19 14:35:00,Short,421.06040688784196,419.5343799273105,Time Stop,-192.2787874465409,-0.608871583273033,6
BANKNIFTY,Strategy2_VPIN,2026-05-19 14:35:00,2026-05-19 15:05:00,Short,421.0854072274269,511.61085860573075,Time Stop,6707.437521410296,21.23856556187149,6
BANKNIFTY,Strategy2_VPIN,2026-05-19 15:05:00,2026-05-20 09:20:00,Short,419.6963258591277,700.4597562000272,Time Stop,20966.8502518748,66.60959034751357,6
BANKNIFTY,Strategy2_VPIN,2026-05-20 09:20:00,2026-05-20 09:50:00,Short,415.8181481806896,394.14384284427433,Time Stop,-1702.021189827269,-5.457581869298861,6
BANKNIFTY,Strategy2_VPIN,2026-05-20 09:50:00,2026-05-20 10:20:00,Short,416.1790905834787,450.08174755754226,Time Stop,2463.7175353384223,7.893132519413911,6
BANKNIFTY,Strategy2_VPIN,2026-05-20 10:20:00,2026-05-20 10:50:00,Short,415.6384582399114,357.03352431020903,Time Stop,-4470.1402839424345,-14.339835323458662,6
BANKNIFTY,Strategy2_VPIN,2026-05-20 10:50:00,2026-05-20 11:20:00,Long,467.7601300389979,585.3610445655358,Time Stop,8732.678136633143,24.89218319627508,6
BANKNIFTY,Strategy2_VPIN,2026-05-20 11:20:00,2026-05-20 11:50:00,Long,469.6020506710629,521.1895102579765,Time Stop,3784.473848776714,10.74519398816846,6
BANKNIFTY,Strategy2_VPIN,2026-05-20 11:50:00,2026-05-20 12:20:00,Short,419.0338168600683,412.19555124513863,Time Stop,-590.2752426844615,-1.8782103621375181,6
BANKNIFTY,Strategy2_VPIN,2026-05-20 12:20:00,2026-05-20 12:50:00,Long,470.56686624024223,420.10205572942505,Time Stop,-3864.940889799924,-10.951163138422714,6
BANKNIFTY,Strategy2_VPIN,2026-05-20 12:50:00,2026-05-20 13:20:00,Long,469.6897611773493,411.9687254901364,Time Stop,-4408.752308441001,-12.515359918682744,6
BANKNIFTY,Strategy2_VPIN,2026-05-20 13:20:00,2026-05-20 13:50:00,Short,417.46660807220906,410.3451731532514,Time Stop,-611.3591490769713,-1.9526005585616395,6
BANKNIFTY,Strategy2_VPIN,2026-05-20 13:50:00,2026-05-20 14:20:00,Long,468.8126561144636,687.0627278287793,Time Stop,16276.740986296232,46.29209777511399,6
BANKNIFTY,Strategy2_VPIN,2026-05-20 14:20:00,2026-05-20 14:50:00,Long,472.06847010790807,526.2108437698735,Time Stop,3975.7554555229044,11.229318646972557,6
BANKNIFTY,Strategy2_VPIN,2026-05-20 14:50:00,2026-05-20 15:20:00,Long,472.94732938092056,477.03401428443976,Time Stop,223.7522072989987,0.6308023280080294,6
BANKNIFTY,Strategy2_VPIN,2026-05-20 15:20:00,2026-05-21 09:35:00,Long,473.0157435758265,561.0342053139539,Time Stop,6514.852382659513,18.364018452915488,6
BANKNIFTY,Strategy2_VPIN,2026-05-21 09:35:00,2026-05-21 10:05:00,Long,474.4173574663255,459.4126404927374,Time Stop,-1207.3761229272634,-3.3932882202438215,6
BANKNIFTY,Strategy2_VPIN,2026-05-21 10:05:00,2026-05-21 10:35:00,Short,422.3494868977941,429.35810987783043,Time Stop,447.3198816478199,1.412163450806065,6
BANKNIFTY,Strategy2_VPIN,2026-05-21 10:35:00,2026-05-21 11:05:00,Short,422.23542284842915,463.18921383520865,Time Stop,2991.6902153576984,9.447147423667271,6
BANKNIFTY,Strategy2_VPIN,2026-05-21 11:05:00,2026-05-21 11:35:00,Short,421.5854140191659,414.7469242309853,Time Stop,-590.5216893348015,-1.8676221383944924,6
BANKNIFTY,Strategy2_VPIN,2026-05-21 11:35:00,2026-05-21 12:05:00,Short,421.6979155473091,419.8861601643548,Time Stop,-213.75293712859653,-0.6758485296318433,6
BANKNIFTY,Strategy2_VPIN,2026-05-21 12:05:00,2026-05-21 12:35:00,Long,473.4648213680266,327.813567911282,Time Stop,-10999.901536773414,-30.97703297150387,6
BANKNIFTY,Strategy2_VPIN,2026-05-21 12:35:00,2026-05-21 13:05:00,Short,419.2916328620595,492.81496229027834,Time Stop,5433.204910334559,17.2774094353623,6
BANKNIFTY,Strategy2_VPIN,2026-05-21 13:05:00,2026-05-21 13:35:00,Long,469.4494343901206,527.8548080459659,Time Stop,4295.524333278775,12.200176117254607,6
BANKNIFTY,Strategy2_VPIN,2026-05-21 13:35:00,2026-05-21 14:05:00,Long,470.3949536479158,456.8269920292041,Time Stop,-1099.3221089588483,-3.1160258004005597,6
BANKNIFTY,Strategy2_VPIN,2026-05-21 14:05:00,2026-05-21 14:35:00,Long,470.16515212144077,524.2030815293838,Time Stop,3968.0981350814386,11.253061800878294,6
BANKNIFTY,Strategy2_VPIN,2026-05-21 14:35:00,2026-05-21 15:05:00,Long,471.04225718432644,480.2943653857001,Time Stop,611.0979670873711,1.7297753588400133,6
BANKNIFTY,Strategy2_VPIN,2026-05-21 15:05:00,2026-05-22 09:20:00,Short,419.7072635076911,244.2498717465569,Time Stop,-13229.182453171506,-42.02669686996917,6
BANKNIFTY,Strategy2_VPIN,2026-05-22 09:20:00,2026-05-22 09:50:00,Long,475.0330852204788,540.0525714697396,Time Stop,4790.782614143501,13.446874230300365,6
BANKNIFTY,Strategy2_VPIN,2026-05-22 09:50:00,2026-05-22 10:20:00,Long,476.08210287569455,495.87220258855814,Time Stop,1400.519534718878,3.922347360561755,6
BANKNIFTY,Strategy2_VPIN,2026-05-22 10:20:00,2026-05-22 10:50:00,Short,424.35107658597553,402.8535575095375,Time Stop,-1689.5381392671509,-5.308617423918463,6
BANKNIFTY,Strategy2_VPIN,2026-05-22 10:50:00,2026-05-22 11:20:00,Long,476.81185428801473,465.4012096296028,Time Stop,-938.1979372571861,-2.6235307947146085,6
BANKNIFTY,Strategy2_VPIN,2026-05-22 11:20:00,2026-05-22 11:50:00,Long,476.61889117418104,500.49037991408113,Time Stop,1706.3917382935347,4.773602193539384,6
BANKNIFTY,Strategy2_VPIN,2026-05-22 11:50:00,2026-05-22 12:20:00,Short,424.88858388709923,476.96790009310644,Time Stop,3825.3651736714314,12.004292634946081,6
BANKNIFTY,Strategy2_VPIN,2026-05-22 12:20:00,2026-05-22 12:50:00,Short,424.0682602443994,319.402373295532,Time Stop,-7923.397699674352,-24.912334302368937,6
BANKNIFTY,Strategy2_VPIN,2026-05-22 12:50:00,2026-05-22 13:20:00,Long,478.2011887076296,438.8109206896552,Time Stop,-3035.5356462709615,-8.463761607604802,6
BANKNIFTY,Strategy2_VPIN,2026-05-22 13:20:00,2026-05-22 13:50:00,Short,425.3417150421119,435.44591340730767,Time Stop,679.0794341094589,2.1287337062381324,6
BANKNIFTY,Strategy2_VPIN,2026-05-22 13:50:00,2026-05-22 14:20:00,Short,425.1776503135734,460.4686652356395,Time Stop,2566.9720349552426,8.049880743769327,6
BANKNIFTY,Strategy2_VPIN,2026-05-22 14:20:00,2026-05-22 14:50:00,Long,476.70660168046743,443.48720219082315,Time Stop,-2572.8636828975286,-7.196218593233296,6
BANKNIFTY,Strategy2_VPIN,2026-05-22 14:50:00,2026-05-22 15:20:00,Long,476.1364833895932,614.0539701890848,Time Stop,10254.75293955083,28.716564254987638,6
BANKNIFTY,Strategy2_VPIN,2026-05-22 15:20:00,2026-05-25 09:35:00,Long,478.2766197430392,867.3126563367332,Time Stop,29077.15122710346,81.06090360490704,6
BANKNIFTY,Strategy2_VPIN,2026-05-25 09:35:00,2026-05-25 10:05:00,Short,430.8574149634951,373.44773370589246,Time Stop,-4381.91982601032,-13.560309199990856,6
BANKNIFTY,Strategy2_VPIN,2026-05-25 10:05:00,2026-05-25 10:35:00,Long,484.8198235121963,514.0838551246925,Time Stop,2109.851705398554,5.802435195035509,6
BANKNIFTY,Strategy2_VPIN,2026-05-25 10:35:00,2026-05-25 11:05:00,Long,485.3022312967878,485.3022312967878,Time Stop,-83.67720081671091,-0.229897152524562,6
BANKNIFTY,Strategy2_VPIN,2026-05-25 11:05:00,2026-05-25 11:35:00,Short,432.2714966713829,412.4312414701235,Time Stop,-1566.0307633108246,-4.830392551501298,6
BANKNIFTY,Strategy2_VPIN,2026-05-25 11:35:00,2026-05-25 12:05:00,Long,485.67236963332107,433.98200396057655,Time Stop,-3958.1618722675644,-10.866480147939914,6
BANKNIFTY,Strategy2_VPIN,2026-05-25 12:05:00,2026-05-25 12:35:00,Long,484.7742140489245,470.3815322955561,Time Stop,-1162.4331400881301,-3.1971808906783563,6
BANKNIFTY,Strategy2_VPIN,2026-05-25 12:35:00,2026-05-25 13:05:00,Short,431.5839873327386,422.19843172723995,Time Stop,-782.336879270099,-2.4169474995433204,6
BANKNIFTY,Strategy2_VPIN,2026-05-25 13:05:00,2026-05-25 13:35:00,Short,431.7386769339355,437.8785024512217,Time Stop,381.3541407241349,1.1777313796465496,6
BANKNIFTY,Strategy2_VPIN,2026-05-25 13:35:00,2026-05-25 14:05:00,Short,431.6386755755884,422.7238704989795,Time Stop,-747.056695319023,-2.3076606664832213,6
BANKNIFTY,Strategy2_VPIN,2026-05-25 14:05:00,2026-05-25 14:35:00,Short,431.7855525706582,384.3544120326005,Time Stop,-3634.0618387614713,-11.221810818282027,6
BANKNIFTY,Strategy2_VPIN,2026-05-25 14:35:00,2026-05-25 15:05:00,Long,485.66184437257107,587.636125778019,Time Stop,7559.772696751822,20.754558023853903,6
BANKNIFTY,Strategy2_VPIN,2026-05-25 15:05:00,2026-05-26 09:20:00,Short,434.0293330485947,372.70532954345254,Time Stop,-4675.603322702305,-14.363401938331869,6
BANKNIFTY,Strategy2_VPIN,2026-05-26 09:20:00,2026-05-26 09:50:00,Long,488.51945266746407,461.4093090595379,Time Stop,-2116.0075648721763,-5.775293909841623,6
BANKNIFTY,Strategy2_VPIN,2026-05-26 09:50:00,2026-05-26 10:20:00,Short,434.72465499335885,388.3430324330802,Time Stop,-3555.6597379550867,-10.905476825737448,6
BANKNIFTY,Strategy2_VPIN,2026-05-26 10:20:00,2026-05-26 10:50:00,Long,488.8492441711096,499.05137377291976,Time Stop,680.7041923282804,1.856616534837795,6
BANKNIFTY,Strategy2_VPIN,2026-05-26 10:50:00,2026-05-26 11:20:00,Long,489.01940255331283,413.94905395382375,Time Stop,-5710.909725504502,-15.571051497987407,6
BANKNIFTY,Strategy2_VPIN,2026-05-26 11:20:00,2026-05-26 11:50:00,Short,434.40121309995084,417.34317821876175,Time Stop,-1357.6811136985236,-4.167210933904203,6
BANKNIFTY,Strategy2_VPIN,2026-05-26 11:50:00,2026-05-26 12:20:00,Short,434.68402944152695,493.9453186904575,Time Stop,4362.8083730038525,13.382313212991665,6
BANKNIFTY,Strategy2_VPIN,2026-05-26 12:20:00,2026-05-26 12:50:00,Short,433.75432931313844,464.2205246365811,Time Stop,2204.555780830462,6.7766648287489835,6
BANKNIFTY,Strategy2_VPIN,2026-05-26 12:50:00,2026-05-26 13:20:00,Long,486.4196631469058,491.2417280979207,Time Stop,277.660108720101,0.7610989158998249,6
BANKNIFTY,Strategy2_VPIN,2026-05-26 13:20:00,2026-05-26 13:50:00,Long,486.5003568126922,459.2913616343503,Time Stop,-2123.235265705757,-5.81907148603449,6
BANKNIFTY,Strategy2_VPIN,2026-05-26 13:50:00,2026-05-26 14:20:00,Short,432.92463054308973,425.1409229334713,Time Stop,-662.3910206278276,-2.0400503117501994,6
BANKNIFTY,Strategy2_VPIN,2026-05-26 14:20:00,2026-05-26 14:50:00,Long,486.17933635967347,454.44702185226197,Time Stop,-2462.2517741753995,-6.752657137074307,6
BANKNIFTY,Strategy2_VPIN,2026-05-26 14:50:00,2026-05-26 15:20:00,Short,432.5683757039769,394.5789231119088,Time Stop,-2926.430572851824,-9.020325224004177,6
BANKNIFTY,Strategy2_VPIN,2026-05-26 15:20:00,2026-05-27 09:35:00,Long,486.3547573722535,425.1820180672912,Time Stop,-4668.974602766953,-12.799914827585665,6
BANKNIFTY,Strategy2_VPIN,2026-05-27 09:35:00,2026-05-27 10:05:00,Long,485.28468919552324,517.6951002692804,Time Stop,2345.6467400058687,6.44473039497522,6
BANKNIFTY,Strategy2_VPIN,2026-05-27 10:05:00,2026-05-27 10:35:00,Long,485.8179690737634,543.706078401854,Time Stop,4255.279617470396,11.678666738993627,6
BANKNIFTY,Strategy2_VPIN,2026-05-27 10:35:00,2026-05-27 11:05:00,Long,486.57403363797494,453.83970508188577,Time Stop,-2537.3932599490813,-6.953085819171832,6
BANKNIFTY,Strategy2_VPIN,2026-05-27 11:10:00,2026-05-27 11:40:00,Short,432.81994162107367,435.6908880931114,Time Stop,136.23799806569355,0.41969106924057437,6
BANKNIFTY,Strategy2_VPIN,2026-05-27 11:40:00,2026-05-27 12:10:00,Long,485.86533274716203,457.44795152005463,Time Stop,-2213.75268982508,-6.07507894504611,6
BANKNIFTY,Strategy2_VPIN,2026-05-27 12:10:00,2026-05-27 12:40:00,Short,432.34024760524335,407.4294232828979,Time Stop,-1946.1014593658738,-6.001758939154791,6
BANKNIFTY,Strategy2_VPIN,2026-05-27 12:45:00,2026-05-27 13:15:00,Short,432.58400091622025,510.22612616895276,Time Stop,5740.732938236106,17.69439130458558,6
BANKNIFTY,Strategy2_VPIN,2026-05-27 13:15:00,2026-05-27 13:45:00,Short,431.38085957359726,468.6714978432283,Time Stop,2716.295514138569,8.395660752692393,6
BANKNIFTY,Strategy2_VPIN,2026-05-27 13:45:00,2026-05-27 14:15:00,Short,430.7871015084056,404.6858287755131,Time Stop,-2035.1917368297168,-6.299141670997023,6
BANKNIFTY,Strategy2_VPIN,2026-05-27 14:15:00,2026-05-27 14:45:00,Long,484.030428955597,453.10307095107055,Time Stop,-2401.722857835285,-6.615900472807146,6
BANKNIFTY,Strategy2_VPIN,2026-05-27 14:50:00,2026-05-27 15:20:00,Short,430.63084938598695,373.4830062533656,Time Stop,-4362.273358450372,-13.506613579187526,6
BANKNIFTY,Strategy2_VPIN,2026-05-27 15:20:00,2026-05-29 09:35:00,Long,484.5444125224494,488.10575813627656,Time Stop,183.33166335739304,0.5044784574799572,6
BANKNIFTY,Strategy2_VPIN,2026-05-29 09:35:00,2026-05-29 10:05:00,Long,484.76368878817084,511.0003137947424,Time Stop,1882.9374953766358,5.178983874483031,6
BANKNIFTY,Strategy2_VPIN,2026-05-29 10:05:00,2026-05-29 10:35:00,Long,485.19697868923686,521.530135748384,Time Stop,2639.684059286347,7.253917275460569,6
BANKNIFTY,Strategy2_VPIN,2026-05-29 10:35:00,2026-05-29 11:05:00,Short,432.7090026141559,420.7870542805649,Time Stop,-972.5534475795866,-2.996789810870677,6
BANKNIFTY,Strategy2_VPIN,2026-05-29 11:05:00,2026-05-29 11:35:00,Short,432.9058802883992,458.59821460084277,Time Stop,1846.8073891632514,5.688095182669328,6
BANKNIFTY,Strategy2_VPIN,2026-05-29 11:35:00,2026-05-29 12:05:00,Long,485.482914939741,485.1694488677822,Time Stop,-107.18931176825066,-0.294385400514881,6
BANKNIFTY,Strategy2_VPIN,2026-05-29 12:05:00,2026-05-29 12:35:00,Short,432.3511852538177,502.91225214863516,Time Stop,5209.993162428201,16.067164348875643,6
BANKNIFTY,Strategy2_VPIN,2026-05-29 12:35:00,2026-05-29 13:05:00,Long,484.1584862947784,368.9443298155311,Time Stop,-8719.451362668513,-24.012664198446515,6
BANKNIFTY,Strategy2_VPIN,2026-05-29 13:05:00,2026-05-29 13:35:00,Short,429.38083240663764,510.2477365151499,Time Stop,5982.734522536938,18.57786552481254,6
BANKNIFTY,Strategy2_VPIN,2026-05-29 13:35:00,2026-05-29 14:05:00,Short,428.1308154272883,406.53775142269296,Time Stop,-1697.0398858529013,-5.2851132557361025,6
BANKNIFTY,Strategy2_VPIN,2026-05-29 14:05:00,2026-05-29 14:35:00,Short,428.3261305803135,363.09698541080434,Time Stop,-4967.799927932786,-15.4642286901096,6
BANKNIFTY,Strategy2_VPIN,2026-05-29 14:35:00,2026-05-29 15:05:00,Long,482.1376362298797,402.3508705683562,Time Stop,-6063.809407420185,-16.76923476274454,6
BANKNIFTY,Strategy2_VPIN,2026-05-29 15:05:00,2026-06-01 09:20:00,Long,480.72198865837345,369.18781398579813,Time Stop,-8443.309041562137,-23.418411585807174,6
BANKNIFTY,Strategy2_VPIN,2026-06-01 09:20:00,2026-06-01 09:50:00,Short,426.41985468680286,502.5280530108539,Time Stop,5626.312218457434,17.59240228183043,6
BANKNIFTY,Strategy2_VPIN,2026-06-01 09:50:00,2026-06-01 10:20:00,Short,425.24015116254304,527.2421119610008,Time Stop,7567.28535804377,23.727095814309294,6
BANKNIFTY,Strategy2_VPIN,2026-06-01 10:20:00,2026-06-01 10:50:00,Short,423.68544254447625,350.1119237617495,Time Stop,-5592.834790188286,-17.600588325150145,6
BANKNIFTY,Strategy2_VPIN,2026-06-01 10:50:00,2026-06-01 11:20:00,Long,477.1012989587689,479.7184416363598,Time Stop,113.22881249253605,0.3164354201498308,6
BANKNIFTY,Strategy2_VPIN,2026-06-01 11:20:00,2026-06-01 11:50:00,Short,425.00577297891505,461.2029073606136,Time Stop,2634.9056880121134,8.26625850136498,6
BANKNIFTY,Strategy2_VPIN,2026-06-01 11:50:00,2026-06-01 12:20:00,Long,476.49785067549965,394.1639415204809,Time Stop,-6254.222967275227,-17.500527955258075,6
BANKNIFTY,Strategy2_VPIN,2026-06-01 12:20:00,2026-06-01 12:50:00,Short,423.1244974249894,417.042097847112,Time Stop,-533.9874651280471,-1.6826803722552488,6
BANKNIFTY,Strategy2_VPIN,2026-06-01 12:50:00,2026-06-01 13:20:00,Short,423.2244987833401,510.5924807865995,Time Stop,6470.576886163806,20.385010492114784,6
BANKNIFTY,Strategy2_VPIN,2026-06-01 13:20:00,2026-06-01 13:50:00,Short,421.8026044693288,435.7981611528594,Time Stop,971.0747168117962,3.0696024049243236,6
BANKNIFTY,Strategy2_VPIN,2026-06-01 13:50:00,2026-06-01 14:20:00,Short,421.57603889182064,474.39179723994675,Time Stop,3880.863323483529,12.274142631334843,6
BANKNIFTY,Strategy2_VPIN,2026-06-01 14:20:00,2026-06-01 14:50:00,Short,420.633838593636,413.41768434115875,Time Stop,-618.7438874678619,-1.9613064244081262,6
BANKNIFTY,Strategy2_VPIN,2026-06-01 14:50:00,2026-06-01 15:20:00,Short,420.75259020667363,377.263055752137,Time Stop,-3337.6257881583933,-10.576685256669727,6
BANKNIFTY,Strategy2_VPIN,2026-06-01 15:20:00,2026-06-02 09:35:00,Long,473.1981814289102,371.3149546347413,Time Stop,-7719.24510068553,-21.7505628822039,6
BANKNIFTY,Strategy2_VPIN,2026-06-02 09:35:00,2026-06-02 10:05:00,Long,471.375557108222,458.21800787573375,Time Stop,-1068.6479028608958,-3.022778438539322,6
BANKNIFTY,Strategy2_VPIN,2026-06-02 10:05:00,2026-06-02 10:35:00,Short,419.66820047708825,432.98192904931784,Time Stop,920.1603870885313,2.9234536110272265,6
BANKNIFTY,Strategy2_VPIN,2026-06-02 10:35:00,2026-06-02 11:05:00,Short,419.4525725481544,479.94767338407837,Time Stop,4456.6595516273455,14.166590275998232,6
BANKNIFTY,Strategy2_VPIN,2026-06-02 11:05:00,2026-06-02 11:35:00,Short,418.5056846862899,395.9077360402298,Time Stop,-1771.494752387201,-5.643873164957066,6
BANKNIFTY,Strategy2_VPIN,2026-06-02 11:35:00,2026-06-02 12:05:00,Short,418.8822523013223,398.3124755062199,Time Stop,-1619.507022384017,-5.155011186672819,6
BANKNIFTY,Strategy2_VPIN,2026-06-02 12:05:00,2026-06-02 12:35:00,Long,470.6545767465286,491.7346858604287,Time Stop,1497.7006667251949,4.2428870788941895,6
BANKNIFTY,Strategy2_VPIN,2026-06-02 12:35:00,2026-06-02 13:05:00,Long,471.0492740248301,766.0656059486282,Time Stop,22030.554724686055,62.35881167009229,6
BANKNIFTY,Strategy2_VPIN,2026-06-02 13:05:00,2026-06-02 13:35:00,Short,423.3729382996353,386.7558631705069,Time Stop,-2822.736430750783,-8.889676769257076,6
BANKNIFTY,Strategy2_VPIN,2026-06-02 13:35:00,2026-06-02 14:05:00,Short,423.99013418319373,408.7059672332871,Time Stop,-1223.7838458067404,-3.8484664214002025,6
BANKNIFTY,Strategy2_VPIN,2026-06-02 14:05:00,2026-06-02 14:35:00,Long,476.28909967053187,382.2994395674941,Time Stop,-7127.8609919935425,-19.95387814368533,6
BANKNIFTY,Strategy2_VPIN,2026-06-02 14:35:00,2026-06-02 15:05:00,Short,422.7401172038408,406.9906886577737,Time Stop,-1258.5450272188025,-3.969483775022454,6
BANKNIFTY,Strategy2_VPIN,2026-06-02 15:05:00,2026-06-03 09:20:00,Long,474.8945026205365,234.09706778579493,Time Stop,-18131.7122332739,-50.90734084649816,6
BANKNIFTY,Strategy2_VPIN,2026-06-03 09:20:00,2026-06-03 09:50:00,Short,418.40412080672104,444.1132043700163,Time Stop,1849.3679876141928,5.89340271967508,6
BANKNIFTY,Strategy2_VPIN,2026-06-03 09:50:00,2026-06-03 10:20:00,Short,418.0056778945509,405.7129614257101,Time Stop,-999.0210739324724,-3.18662680680777,6
BANKNIFTY,Strategy2_VPIN,2026-06-03 10:20:00,2026-06-03 10:50:00,Short,418.2088056536995,440.0571792989904,Time Stop,1560.0060540739426,4.973611373025355,6
BANKNIFTY,Strategy2_VPIN,2026-06-03 10:50:00,2026-06-03 11:20:00,Long,469.11964288647505,467.65791563570383,Time Stop,-191.78453394133945,-0.5450906091853147,6
BANKNIFTY,Strategy2_VPIN,2026-06-03 11:20:00,2026-06-03 11:50:00,Long,469.29330968892464,479.4981344942935,Time Stop,682.6662454144184,1.939558143617915,6
BANKNIFTY,Strategy2_VPIN,2026-06-03 11:50:00,2026-06-03 12:20:00,Long,469.46346807112786,429.10403719940587,Time Stop,-3107.3928531163237,-8.825373543642879,6
BANKNIFTY,Strategy2_VPIN,2026-06-03 12:20:00,2026-06-03 12:50:00,Long,468.72494560816995,760.4964861832996,Time Stop,21787.550578704104,61.97678982197058,6
BANKNIFTY,Strategy2_VPIN,2026-06-03 12:50:00,2026-06-03 13:20:00,Short,421.41197416328214,322.90703115456927,Time Stop,-7461.365080892769,-23.607508529572556,6
BANKNIFTY,Strategy2_VPIN,2026-06-03 13:20:00,2026-06-03 13:50:00,Long,475.14009203814567,509.9611945134711,Time Stop,2527.253127754587,7.0919522336069,6
BANKNIFTY,Strategy2_VPIN,2026-06-03 13:50:00,2026-06-03 14:20:00,Short,423.7291931387517,333.87495817707895,Time Stop,-6813.159808934671,-21.438723660479305,6
BANKNIFTY,Strategy2_VPIN,2026-06-03 14:20:00,2026-06-03 14:50:00,Long,477.4959962370667,554.0889539303207,Time Stop,5658.050504236517,15.799226377673229,6
BANKNIFTY,Strategy2_VPIN,2026-06-03 14:50:00,2026-06-03 15:20:00,Long,478.7239433251125,455.0587859124389,Time Stop,-1856.9070287662082,-5.171824123017635,6
BANKNIFTY,Strategy2_VPIN,2026-06-03 15:20:00,2026-06-04 09:35:00,Long,478.3134581556842,336.05378478874263,Time Stop,-10746.122028453117,-29.955591799260105,6
BANKNIFTY,Strategy2_VPIN,2026-06-04 09:35:00,2026-06-04 10:05:00,Short,423.67762993835277,285.01921679103543,Time Stop,-10471.272344151623,-32.95358421661377,6
BANKNIFTY,Strategy2_VPIN,2026-06-04 10:05:00,2026-06-04 10:35:00,Short,426.25735247948614,490.3600905754829,Time Stop,4726.457572262283,14.784362998140491,6
BANKNIFTY,Strategy2_VPIN,2026-06-04 10:35:00,2026-06-04 11:05:00,Long,477.425827832034,508.32517110719346,Time Stop,2233.091950684696,6.236478549488482,6
BANKNIFTY,Strategy2_VPIN,2026-06-04 11:05:00,2026-06-04 11:35:00,Short,425.70890752979903,376.6294758485092,Time Stop,-3757.0626033487633,-11.76723511267935,6
BANKNIFTY,Strategy2_VPIN,2026-06-04 11:35:00,2026-06-04 12:05:00,Long,478.8730511858048,475.74408933319137,Time Stop,-317.62991026936203,-0.884381666450246,6
BANKNIFTY,Strategy2_VPIN,2026-06-04 12:05:00,2026-06-04 12:35:00,Long,478.82042488203297,445.0982255120216,Time Stop,-2610.7412920185848,-7.269924607363448,6
BANKNIFTY,Strategy2_VPIN,2026-06-04 12:40:00,2026-06-04 13:10:00,Short,425.80265880324805,523.4260080400563,Time Stop,7239.035902752672,22.66789009130365,6
BANKNIFTY,Strategy2_VPIN,2026-06-04 13:10:00,2026-06-04 13:40:00,Short,424.358889192099,408.8881777645656,Time Stop,-1237.799475078054,-3.889159252080539,6
BANKNIFTY,Strategy2_VPIN,2026-06-04 13:40:00,2026-06-04 14:10:00,Short,424.6151426728684,377.4797878018908,Time Stop,-3611.2458871946847,-11.339667459691007,6
BANKNIFTY,Strategy2_VPIN,2026-06-04 14:10:00,2026-06-04 14:40:00,Short,425.416716060874,340.4390382701131,Time Stop,-6447.789343251965,-20.20854407714226,6
BANKNIFTY,Strategy2_VPIN,2026-06-04 14:40:00,2026-06-04 15:10:00,Short,426.912048872422,453.2066291377123,Time Stop,1892.4881793863149,5.910626273443859,6
BANKNIFTY,Strategy2_VPIN,2026-06-04 15:10:00,2026-06-05 09:25:00,Long,478.75376489725386,544.9960619715093,Time Stop,4882.1035383600665,13.596700144754154,6
BANKNIFTY,Strategy2_VPIN,2026-06-05 09:25:00,2026-06-05 09:55:00,Long,479.99574566630326,539.4766533120237,Time Stop,4375.191815475008,12.153418316660595,6
BANKNIFTY,Strategy2_VPIN,2026-06-05 09:55:00,2026-06-05 10:25:00,Long,480.9588070253594,507.63071296929047,Time Stop,1915.9064173950696,5.311352765654627,6
BANKNIFTY,Strategy2_VPIN,2026-06-05 10:25:00,2026-06-05 10:55:00,Short,428.79488694756947,507.0049320904982,Time Stop,5783.642393862941,17.9841771125414,6
BANKNIFTY,Strategy2_VPIN,2026-06-05 10:55:00,2026-06-05 11:25:00,Long,480.1273114257383,566.2313892297061,Time Stop,6370.719693768091,17.69175117283021,6
BANKNIFTY,Strategy3_VolumeSpike,2026-05-19 14:40:00,2026-05-19 15:20:00,Short,420.1760198749471,460.42615192679295,Time Stop,2939.1328061573618,9.32667157613963,8
BANKNIFTY,Strategy3_VolumeSpike,2026-05-20 09:15:00,2026-05-20 09:55:00,Short,415.9275246663856,360.34834654365113,Time Stop,-4243.370773409535,-13.602917244819299,8
BANKNIFTY,Strategy3_VolumeSpike,2026-05-20 10:30:00,2026-05-20 11:10:00,Long,468.3898914741476,521.4302255240618,Time Stop,3893.483148478648,11.083311060150681,8
BANKNIFTY,Strategy3_VolumeSpike,2026-05-20 14:00:00,2026-05-20 14:40:00,Long,470.3037347213758,593.8464852837278,Time Stop,9177.819532276171,26.019552485483104,8
BANKNIFTY,Strategy3_VolumeSpike,2026-05-21 11:00:00,2026-05-21 11:40:00,Short,421.62291452854697,404.94351530295535,Time Stop,-1328.1504312617894,-4.200120962738815,8
BANKNIFTY,Strategy3_VolumeSpike,2026-05-22 15:25:00,2026-05-25 09:50:00,Long,481.5306795263641,625.4140948118511,Time Stop,10701.443631566304,29.631739192173022,8
BANKNIFTY,Strategy3_VolumeSpike,2026-05-25 11:45:00,2026-05-25 12:25:00,Long,485.70043699533926,422.99628144635426,Time Stop,-4783.703018503751,-13.132108199852288,8
BANKNIFTY,Strategy3_VolumeSpike,2026-05-25 14:30:00,2026-05-25 15:10:00,Long,485.40748390433146,644.5343108451416,Time Stop,11843.664639797034,32.5325698030957,8
BANKNIFTY,Strategy3_VolumeSpike,2026-05-26 15:25:00,2026-05-27 09:50:00,Long,486.4231715671558,395.31363605571096,Time Stop,-6912.893319701392,-18.948914508408983,8
BANKNIFTY,Strategy3_VolumeSpike,2026-05-27 13:25:00,2026-05-27 14:05:00,Short,431.1074183593664,398.98883816835223,Time Stop,-2486.2478458698115,-7.68949219301782,8
BANKNIFTY,Strategy3_VolumeSpike,2026-05-29 09:15:00,2026-05-29 09:55:00,Long,486.2670468659635,356.0046746317639,Time Stop,-9847.580145032365,-27.00184383183668,8
BANKNIFTY,Strategy3_VolumeSpike,2026-05-29 11:30:00,2026-05-29 12:10:00,Short,431.88399140778347,460.6580681762098,Time Stop,2077.8913649506935,6.414967618742645,8
BANKNIFTY,Strategy3_VolumeSpike,2026-05-29 12:10:00,2026-05-29 12:50:00,Short,431.2558578756616,478.28589400800047,Time Stop,3446.32333109065,10.655154453837884,8
BANKNIFTY,Strategy3_VolumeSpike,2026-05-29 15:00:00,2026-06-01 09:25:00,Short,427.19330269277634,471.2810122338051,Time Stop,3226.1468714054595,10.069280428226813,8
BANKNIFTY,Strategy3_VolumeSpike,2026-06-01 13:10:00,2026-06-01 13:50:00,Short,421.4901002244951,416.2596181345398,Time Stop,-469.98489407280636,-1.4867407920058915,8
BANKNIFTY,Strategy3_VolumeSpike,2026-06-01 15:05:00,2026-06-02 09:30:00,Long,474.30684222840136,283.6551379504781,Time Stop,-14372.986109952295,-40.404185168191226,8
BANKNIFTY,Strategy3_VolumeSpike,2026-06-02 12:45:00,2026-06-02 13:25:00,Long,474.51383902324596,594.98835839409,Time Stop,8947.461353929524,25.14141314922028,8
BANKNIFTY,Strategy3_VolumeSpike,2026-06-03 09:15:00,2026-06-03 09:55:00,Short,418.5509978017908,423.53586514874405,Time Stop,295.9711421887198,0.9428437434327657,8
BANKNIFTY,Strategy3_VolumeSpike,2026-06-03 12:00:00,2026-06-03 12:40:00,Short,416.6665972054252,163.50997727503636,Time Stop,-19052.854440630785,-60.969144374000415,8
BANKNIFTY,Strategy3_VolumeSpike,2026-06-04 13:10:00,2026-06-04 13:50:00,Short,424.358889192099,391.4382767737734,Time Stop,-2545.756803842886,-7.998754100770809,8
BANKNIFTY,Strategy3_VolumeSpike,2026-06-04 14:35:00,2026-06-04 15:15:00,Long,479.297570036244,460.50947386119515,Time Stop,-1491.3985301040484,-4.148845097048361,8
BANKNIFTY,Strategy3_VolumeSpike,2026-06-05 10:00:00,2026-06-05 10:40:00,Long,481.3377164125268,318.647324446727,Time Stop,-12277.77872427365,-34.010157679675295,8
BANKNIFTY,Strategy5_VolumeDivergence,2026-05-20 11:25:00,2026-05-20 11:55:00,Short,418.80256371888754,394.9170281360821,Time Stop,-1868.032550343883,-5.947217813110176,6
BANKNIFTY,Strategy5_VolumeDivergence,2026-05-20 13:05:00,2026-05-20 13:35:00,Long,469.2231412838919,452.7874810478788,Time Stop,-1314.1649957059094,-3.7343000378883877,6
BANKNIFTY,Strategy5_VolumeDivergence,2026-05-20 14:45:00,2026-05-20 15:15:00,Short,420.9682181356111,416.40106688234664,Time Stop,-420.21796182064224,-1.3309570452664523,6
BANKNIFTY,Strategy5_VolumeDivergence,2026-05-21 11:05:00,2026-05-21 11:35:00,Long,473.30518824658066,480.8666984584088,Time Stop,484.17553098538565,1.36395583796317,6
BANKNIFTY,Strategy5_VolumeDivergence,2026-05-22 09:35:00,2026-05-22 10:05:00,Short,423.4354391486049,362.61957217097006,Time Stop,-4636.562498831996,-14.59982505055839,6
BANKNIFTY,Strategy5_VolumeDivergence,2026-05-22 10:05:00,2026-05-22 10:35:00,Short,424.48232836880925,441.01773953485826,Time Stop,1161.2083343980112,3.6474493182013816,6
BANKNIFTY,Strategy5_VolumeDivergence,2026-05-22 14:00:00,2026-05-22 14:30:00,Long,476.4785543641192,458.91609958357367,Time Stop,-1399.2768679685603,-3.9156064287397068,6
BANKNIFTY,Strategy5_VolumeDivergence,2026-05-22 14:45:00,2026-05-22 15:15:00,Long,475.8294966175781,604.80114506682,Time Stop,9584.245254817346,26.856245280986034,6
BANKNIFTY,Strategy5_VolumeDivergence,2026-05-25 10:40:00,2026-05-25 11:10:00,Short,432.3761855934026,441.2199858963286,Time Stop,583.9731950024088,1.8008182518222373,6
BANKNIFTY,Strategy5_VolumeDivergence,2026-05-25 11:35:00,2026-05-25 12:05:00,Short,432.60118864968535,483.3108229769241,Time Stop,3722.0065340197084,11.471709992714912,6
BANKNIFTY,Strategy5_VolumeDivergence,2026-05-26 09:35:00,2026-05-26 10:05:00,Short,435.85748288089235,507.4433861220059,Time Stop,5286.494203978386,16.171935128997315,6
BANKNIFTY,Strategy5_VolumeDivergence,2026-05-26 12:15:00,2026-05-26 12:45:00,Long,487.2827345287915,433.54345897890016,Time Stop,-4111.882844949695,-11.251189651187998,6
BANKNIFTY,Strategy5_VolumeDivergence,2026-05-26 12:45:00,2026-05-26 13:15:00,Long,486.3477405317535,486.03427434891273,Time Stop,-107.2671543826888,-0.2940753304495178,6
BANKNIFTY,Strategy5_VolumeDivergence,2026-05-27 12:00:00,2026-05-27 12:30:00,Long,485.3285444486719,491.0975252074895,Time Stop,348.73438377679526,0.9580709473770427,6
BANKNIFTY,Strategy5_VolumeDivergence,2026-05-27 13:50:00,2026-05-27 14:20:00,Long,484.3233820466012,511.74849619902307,Time Stop,1972.0603269105882,5.429045688653366,6
BANKNIFTY,Strategy5_VolumeDivergence,2026-05-29 12:50:00,2026-05-29 13:20:00,Long,483.3024317533964,389.6734351598643,Time Stop,-7101.458658526001,-19.591483349979637,6
BANKNIFTY,Strategy5_VolumeDivergence,2026-05-29 14:45:00,2026-05-29 15:15:00,Short,429.7808378400259,532.9130950115759,Time Stop,7651.598060887929,23.737984222665677,6
BANKNIFTY,Strategy5_VolumeDivergence,2026-06-01 09:55:00,2026-06-01 10:25:00,Long,476.7715074551197,380.5068251388948,Time Stop,-7298.4286986836005,-20.410695926135027,6
BANKNIFTY,Strategy5_VolumeDivergence,2026-06-01 10:25:00,2026-06-01 10:55:00,Long,475.1190415166384,577.6911819037232,Time Stop,7605.534068977444,21.343518583468104,6
BANKNIFTY,Strategy5_VolumeDivergence,2026-06-01 14:05:00,2026-06-01 14:35:00,Long,472.75962889746734,510.974492724421,Time Stop,2781.8467515485395,7.845697422842253,6
BANKNIFTY,Strategy5_VolumeDivergence,2026-06-03 13:25:00,2026-06-03 13:55:00,Short,423.05262144868175,368.38547032562565,Time Stop,-4175.651048359052,-13.160383481563581,6
BANKNIFTY,Strategy5_VolumeDivergence,2026-06-03 14:05:00,2026-06-03 14:35:00,Short,424.3542016284264,351.1094618381103,Time Stop,-5568.2513491297,-17.495608865618916,6
BANKNIFTY,Strategy5_VolumeDivergence,2026-06-03 14:45:00,2026-06-03 15:15:00,Short,426.29641551009263,448.2365612872745,Time Stop,1566.1569493327606,4.898491260543043,6
BANKNIFTY,Strategy5_VolumeDivergence,2026-06-04 14:20:00,2026-06-04 14:50:00,Short,425.5917184379832,395.3904986112866,Time Stop,-2342.035686769463,-7.3373473066793,6
BANKNIFTY,Strategy5_VolumeDivergence,2026-06-05 10:20:00,2026-06-05 10:50:00,Short,429.50270906212245,596.5130673739986,Time Stop,12439.606163451088,38.61708250335885,6
