date,open,high,low,close,volume
2022-01-03,36621.0,36644.0,35650.3,36582.45,3817425
2022-01-04,36700.0,37023.4,36492.1,36977.35,4079525
2022-01-05,37000.5,37987.95,36850.4,37795.2,5173350
2022-01-06,37410.0,37909.7,37179.1,37629.2,4535975
2022-01-07,37775.0,38250.0,37504.0,37856.95,5211325
2022-01-10,38025.0,38520.0,38000.15,38468.35,3979050
2022-01-11,38477.85,38634.95,38180.0,38548.0,3436400
2022-01-12,38800.0,38957.0,38721.0,38864.7,2878500
2022-01-13,38898.0,38898.0,38502.0,38591.45,2867475
2022-01-14,38349.0,38566.3,38109.95,38491.1,3443725
2022-01-17,38283.0,38714.9,38251.0,38368.2,2358500
2022-01-18,38425.0,38965.65,38149.0,38289.6,4819750
2022-01-19,38178.45,38408.55,37850.0,38156.55,4221025
2022-01-20,38222.25,38264.9,37688.0,37977.85,3930050
2022-01-21,37700.15,37814.45,37276.0,37598.05,4805925
2022-01-24,37599.85,39255.0,36410.05,36966.85,5043850
2022-01-25,36545.0,37808.9,36470.8,37720.5,4772950
2022-01-27,37000.0,38050.0,37000.0,37934.55,3979100
2022-01-28,38469.7,38550.0,37716.65,37824.3,5006075
2022-01-31,38150.0,38296.0,37757.0,38113.75,4321525
2022-02-01,38505.15,38914.95,37767.0,38622.75,8352475
2022-02-02,39888.7,39888.7,38877.75,39437.1,4305275
2022-02-03,39401.05,39540.0,38920.0,39067.35,3902625
2022-02-04,38999.75,39365.0,38655.55,38870.6,4755000
2022-02-07,38625.0,38934.0,37891.0,38101.65,4351350
2022-02-08,38201.05,38275.0,37386.05,38133.1,5568500
2022-02-09,38309.95,38733.65,38250.25,38704.3,3565175
2022-02-10,38890.0,39254.9,38591.95,39054.0,4341525
2022-02-11,38700.05,38826.6,38405.55,38517.5,4372900
2022-02-14,37725.25,37999.0,36807.6,36920.15,5566375
2022-02-15,36990.0,38240.0,36646.9,38187.25,6169900
2022-02-16,38300.0,38475.0,37771.25,37909.55,5693350
2022-02-17,38002.05,38109.0,37413.2,37502.85,5183325
2022-02-18,37350.0,37835.0,37203.55,37591.3,3773900
2022-02-21,37430.0,38059.45,37174.3,37656.9,4829350
2022-02-22,36935.35,37638.8,36906.55,37350.85,4682450
2022-02-23,37600.25,37757.05,37350.1,37432.1,3434450
2022-02-24,36150.0,36761.0,35201.05,35335.45,4639750
2022-02-25,35699.0,36729.75,35699.0,36421.75,5387675
2022-02-28,36076.0,36344.4,35655.2,36261.65,4836375
2022-03-02,35548.0,35655.0,34935.7,35463.4,5998125
2022-03-03,35749.0,35867.8,34811.5,35041.1,5527500
2022-03-04,34666.6,35172.3,34153.5,34455.45,6524775
2022-03-07,33678.0,33678.0,32450.2,32975.4,7117625
2022-03-08,32575.6,33361.55,32251.35,33253.9,7842475
2022-03-09,33300.0,34025.0,33052.1,33888.3,6713775
2022-03-10,35000.0,35424.25,34230.45,34547.2,8773150
2022-03-11,34320.0,34936.0,34153.25,34595.75,5566525
2022-03-14,34615.05,35464.95,34615.05,35319.05,5105550
2022-03-15,35400.0,35675.0,34703.6,35019.85,6303050
2022-03-16,35532.0,35861.05,35506.0,35804.05,4442175
2022-03-17,36340.0,36612.3,36322.15,36432.4,4289600
2022-03-21,36510.0,36599.95,35941.55,36093.25,3878675
2022-03-22,35816.1,36590.0,35475.0,36482.8,5813350
2022-03-23,36820.0,36858.5,36113.3,36205.35,5411375
2022-03-24,35700.0,36056.95,35502.0,35641.2,5574175
2022-03-25,35699.95,35787.95,35259.0,35558.8,4049975
2022-03-28,35575.0,35910.0,35080.05,35848.2,4808350
2022-03-29,36070.0,36070.0,35543.0,35958.95,3861375
2022-03-30,36350.05,36433.2,36084.0,36347.85,3515925
2022-03-31,36899.0,36899.0,36265.2,36377.8,2567750
2022-04-01,36407.0,37250.0,36337.05,37201.65,5419950
2022-04-04,37855.0,38744.35,37565.05,38650.05,7441100
2022-04-05,38750.0,38780.0,38010.0,38139.0,5089600
2022-04-06,37738.0,38036.6,37642.05,37754.35,4616725
2022-04-07,37499.95,38180.0,37400.0,37764.1,5305775
2022-04-08,37731.0,38089.5,37566.65,37985.25,5266300
2022-04-11,37749.8,38096.95,37681.15,37751.35,3839125
2022-04-12,37499.95,38030.0,37400.0,37878.1,4651975
2022-04-13,38000.0,38093.75,37521.6,37576.5,4190400
2022-04-18,36900.3,37084.25,36555.55,36906.35,4086175
2022-04-19,36990.0,37229.35,35970.15,36403.2,5202050
2022-04-20,36399.8,36619.1,36175.55,36422.5,4582925
2022-04-21,36599.9,37050.0,36477.95,36930.25,3742050
2022-04-22,36650.0,36699.95,36031.0,36093.85,4101950
2022-04-25,35750.0,36295.5,35501.05,36150.35,5057075
2022-04-26,36573.2,36628.95,36287.3,36455.15,3729900
2022-04-27,36011.0,36194.25,35761.05,36090.65,3445475
2022-04-28,36190.0,36499.95,35934.25,36398.65,2779150
2022-04-29,36675.0,36770.6,36039.55,36144.25,4936325
2022-05-02,35629.0,36279.5,35629.0,36208.55,3772925
2022-05-04,36280.05,36340.0,35145.95,35308.15,6170050
2022-05-05,35674.0,35989.9,35161.8,35251.5,5166975
2022-05-06,34650.0,34833.75,34383.0,34632.35,5055400
2022-05-09,34205.25,34582.15,33956.9,34318.45,5065900
2022-05-10,34222.1,34817.0,34218.0,34515.8,4603325
2022-05-11,34666.0,34797.05,34172.45,34728.9,5543500
2022-05-12,34301.15,34404.8,33307.05,33569.05,6006250
2022-05-13,33950.0,34023.0,33025.0,33136.3,5176925
2022-05-16,33232.3,33849.2,33005.15,33596.6,5310175
2022-05-17,33754.0,34375.45,33670.3,34307.85,4559650
2022-05-18,34450.0,34620.0,34092.45,34140.2,4028950
2022-05-19,33510.0,33600.0,33160.0,33274.3,3806075
2022-05-20,33620.0,34341.75,33606.0,34242.7,4307400
2022-05-23,34305.0,34815.45,34071.9,34191.3,4294000
2022-05-24,34146.05,34567.0,34080.85,34226.3,3820800
2022-05-25,34395.95,34686.9,34280.0,34330.15,3602300
2022-05-26,34551.0,35124.9,34410.0,35056.9,3514900
2022-05-27,35398.0,35725.0,35308.0,35631.7,3760925
2022-05-30,35976.0,36132.75,35791.0,35880.35,3074350
2022-05-31,35675.0,35938.65,35335.1,35514.8,3427750
2022-06-01,35290.0,35803.35,35290.0,35655.4,4132775
2022-06-02,35594.0,35769.35,35454.65,35698.1,3236800
2022-06-03,36000.25,36333.0,35260.0,35369.45,4527950
2022-06-06,35203.3,35527.0,35141.0,35399.55,3316575
2022-06-07,35149.15,35270.0,34916.0,35091.2,3710450
2022-06-08,35199.95,35555.6,34891.05,35010.75,5204975
2022-06-09,34810.0,35196.4,34735.0,35131.25,3473675
2022-06-10,34800.0,34862.05,34401.3,34554.95,3291475
2022-06-13,33850.0,33888.65,33234.0,33431.4,3627150
2022-06-14,33390.0,33701.05,33185.15,33377.05,4088075
2022-06-15,33400.0,33586.2,33301.0,33398.15,2843225
2022-06-16,33685.0,33798.0,32561.0,32633.75,5041000
2022-06-17,32499.85,32942.0,32335.0,32789.25,4440275
2022-06-20,32879.95,32977.0,32447.0,32716.35,3796675
2022-06-21,32956.0,33641.15,32841.6,33238.9,5159525
2022-06-22,33050.0,33099.95,32750.0,32837.95,3567775
2022-06-23,32894.95,33444.85,32656.25,33187.05,5852650
2022-06-24,33433.95,33738.0,33374.3,33654.2,3751800
2022-06-27,34180.0,34180.0,33761.0,33862.75,3473050
2022-06-28,33610.05,33772.0,33542.3,33678.75,3080925
2022-06-29,33368.6,33441.95,33216.7,33273.05,2602200
2022-06-30,33202.05,33666.0,33195.0,33423.7,3165200
2022-07-01,33244.7,33740.0,33131.55,33638.65,3936550
2022-07-04,33666.05,34055.0,33601.65,34012.6,2994375
2022-07-05,34149.95,34399.85,33762.7,33827.15,3987500
2022-07-06,33900.0,34434.0,33800.95,34370.1,4923475
2022-07-07,34625.0,35028.0,34620.0,34981.8,4373950
2022-07-08,35150.0,35300.0,35016.0,35173.7,2920150
2022-07-11,35075.6,35599.45,35050.0,35487.9,3436800
2022-07-12,35299.65,35471.5,35093.35,35166.65,3251900
2022-07-13,35265.55,35350.0,34825.0,34923.1,3559825
2022-07-14,34890.05,35091.45,34623.6,34720.95,3381600
2022-07-15,34803.3,34944.05,34541.0,34782.3,3220375
2022-07-18,35690.0,35690.0,34887.1,35428.55,3293900
2022-07-19,35194.0,35795.25,35194.0,35742.6,3785250
2022-07-20,36075.0,36268.65,35900.0,35966.75,3506325
2022-07-21,35960.0,36339.8,35905.0,36191.2,3633125
2022-07-22,36155.55,36828.95,36155.55,36719.1,3530600
2022-07-25,36689.75,36988.25,36451.25,36713.5,3408400
2022-07-26,36550.0,36690.95,36318.2,36379.05,3035275
2022-07-27,36346.3,36800.35,36250.0,36756.1,3111775
2022-07-28,37055.0,37419.8,37050.0,37372.75,2832150
2022-07-29,37740.5,37800.0,37282.5,37567.15,3446825
2022-08-01,37647.85,37982.95,37483.0,37939.4,2925400
2022-08-02,37752.05,38232.0,37667.7,38023.9,4111225
2022-08-03,37930.0,38122.0,37743.95,38031.8,3646550
2022-08-04,38162.3,38270.65,37288.3,37771.5,5456325
2022-08-05,37849.7,38185.7,37804.5,37959.45,3860100
2022-08-08,37890.0,38363.0,37751.0,38287.75,3577025
2022-08-10,38330.25,38451.0,38205.15,38356.7,2643825
2022-08-11,38751.05,38982.1,38694.0,38943.65,3137900
2022-08-12,38880.0,39115.0,38790.0,39077.7,2529750
2022-08-16,39310.25,39473.0,39155.0,39308.65,2534750
2022-08-17,39427.15,39548.9,39260.0,39513.45,1983925
2022-08-18,39399.8,39783.95,39330.1,39713.45,3090050
2022-08-19,39760.0,39794.1,38862.45,39002.35,4641125
2022-08-22,38698.9,38817.3,38268.0,38332.85,4037725
2022-08-23,38099.95,38918.0,38000.0,38776.05,4337375
2022-08-24,38650.0,39150.0,38622.25,39075.4,3646575
2022-08-25,39243.3,39489.95,38918.8,38988.6,3186150
2022-08-26,39272.0,39525.0,39037.2,39221.85,4419725
2022-08-29,38315.0,38560.0,38129.0,38441.75,3777600
2022-08-30,38607.1,39786.65,38606.25,39707.6,4786700
2022-09-01,39006.0,39828.1,38952.15,39466.75,5679400
2022-09-02,39519.95,39714.95,39311.3,39542.25,3685775
2022-09-05,39499.95,39999.0,39456.8,39920.85,3376875
2022-09-06,39980.0,40174.4,39654.5,39812.25,4254550
2022-09-07,39440.0,39713.35,39340.0,39592.6,3675475
2022-09-08,39905.0,40375.0,39820.05,40312.4,4070375
2022-09-09,40601.15,40753.1,40362.55,40504.5,3141350
2022-09-12,40642.0,40770.0,40459.3,40673.7,2568850
2022-09-13,40850.0,40986.3,40783.0,40941.4,2316100
2022-09-14,40332.0,41680.0,40250.0,41445.15,5598600
2022-09-15,41519.0,41855.4,41190.1,41302.6,5156475
2022-09-16,40980.0,41211.25,40567.6,40837.6,4858500
2022-09-19,40839.85,41267.0,40591.05,40931.2,3587550
2022-09-20,41399.6,41724.25,41255.15,41494.8,3258550
2022-09-21,41299.75,41550.0,40940.0,41244.95,4049425
2022-09-22,40978.0,41218.0,40413.0,40697.35,5396275
2022-09-23,40520.0,40568.2,39477.3,39642.75,5627250
2022-09-26,39138.0,39319.8,38544.3,38678.85,4823825
2022-09-27,38888.0,39079.0,38270.0,38466.1,4084850
2022-09-28,38100.0,38410.0,37672.0,37809.9,4437925
2022-09-29,38050.0,38298.3,37524.55,37625.3,3487750
2022-09-30,37859.0,38988.1,37580.4,38807.35,7256375
2022-10-03,38705.3,38810.0,38086.4,38159.15,4113800
2022-10-04,38776.0,39348.25,38720.1,39267.95,4559325
2022-10-06,39499.95,39750.0,39340.1,39378.25,3747800
2022-10-07,39228.0,39374.7,38893.4,39291.05,3868275
2022-10-10,38743.0,39447.0,38610.0,39216.6,4992150
2022-10-11,39188.0,39271.7,38733.3,38810.15,4423275
2022-10-12,38825.05,39270.05,38716.95,39214.7,3946650
2022-10-13,39001.05,39166.5,38520.55,38738.65,5542075
2022-10-14,39500.0,39677.2,39320.0,39395.35,5150650
2022-10-17,39350.0,40045.0,39223.85,39975.85,4633725
2022-10-18,40300.0,40496.8,40213.95,40380.1,3111025
2022-10-19,40500.05,40668.4,40245.15,40401.75,3759150
2022-10-20,40198.15,40259.0,39903.25,40205.35,4007475
2022-10-21,40493.3,41030.0,40396.5,40788.3,4585200
2022-10-24,41250.0,41392.1,41110.0,41270.0,1006400
2022-10-25,41530.8,41540.0,41035.6,41111.15,2845475
2022-10-27,41475.0,41500.0,41175.0,41283.3,3105600
2022-10-28,41450.0,41636.85,41015.0,41149.45,3916700
2022-10-31,41399.0,41522.1,41270.0,41466.8,2843450
2022-11-01,41650.0,41825.1,41330.55,41477.3,3567800
2022-11-02,41580.0,41598.3,41232.5,41312.7,2751975
2022-11-03,41000.1,41600.0,40990.0,41458.65,4027950
2022-11-04,41505.0,41646.8,41203.9,41419.0,3238700
2022-11-07,41869.0,41900.0,41489.65,41845.25,3667200
2022-11-09,42010.15,42098.6,41841.1,41926.4,2965250
2022-11-10,41550.0,41794.95,41469.0,41731.05,3398725
2022-11-11,42350.0,42438.7,42053.4,42293.3,4297825
2022-11-14,42325.1,42371.0,42100.0,42202.65,2657575
2022-11-15,42305.05,42561.05,42226.0,42483.7,2582300
2022-11-16,42465.05,42666.0,42421.0,42579.9,2979525
2022-11-17,42472.25,42660.0,42410.2,42531.55,2181750
2022-11-18,42598.0,42614.1,42293.95,42505.2,2851200
2022-11-21,42349.8,42419.95,42255.0,42366.0,1884775
2022-11-22,42449.0,42516.55,42380.0,42478.75,1625575
2022-11-23,42555.55,42866.0,42552.4,42746.65,2124125
2022-11-24,42850.0,43090.0,42750.0,43045.6,2064100
2022-11-25,43339.95,43566.1,43140.0,43291.85,2910800
2022-11-28,43050.05,43400.0,43050.05,43275.15,2041625
2022-11-29,43205.0,43492.45,43205.0,43293.75,2019200
2022-11-30,43344.4,43525.0,43152.75,43452.1,2830925
2022-12-01,43680.4,43699.0,43323.0,43475.15,2987825
2022-12-02,43245.0,43387.75,43161.95,43336.0,2244550
2022-12-05,43412.35,43574.75,43211.05,43538.9,2336350
2022-12-06,43380.0,43561.95,43320.0,43457.8,2030550
2022-12-07,43341.6,43541.0,43177.2,43331.6,2536475
2022-12-08,43225.05,43797.0,43225.05,43752.5,3175000
2022-12-09,43855.55,43986.65,43551.0,43773.1,3219825
2022-12-12,43625.0,43935.9,43561.0,43876.1,2260850
2022-12-13,43927.0,44092.0,43900.3,44071.0,1886275
2022-12-14,44199.9,44248.55,44125.25,44166.2,2203475
2022-12-15,44050.0,44197.0,43482.35,43576.45,3371225
2022-12-16,43400.0,43654.7,43185.0,43286.8,3986025
2022-12-19,43375.25,43567.25,43235.6,43534.8,2264725
2022-12-20,43390.0,43488.0,43045.8,43439.5,3573775
2022-12-21,43529.95,43687.95,42445.95,42765.35,5694300
2022-12-22,42929.95,43084.0,42330.0,42471.2,3981500
2022-12-23,42100.0,42330.0,41657.45,41735.45,3571575
2022-12-26,41800.05,42845.0,41640.15,42653.9,3895800
2022-12-27,42805.3,42926.55,42373.05,42852.8,3547275
2022-12-28,42750.0,43034.4,42716.15,42835.85,2384775
2022-12-29,42709.95,43264.95,42486.4,43202.15,2511950
2022-12-30,43501.05,43606.15,43002.0,43165.9,3304500
2023-01-02,43248.1,43535.0,43136.05,43393.8,2930875
2023-01-03,43388.75,43661.0,43348.3,43609.3,2910475
2023-01-04,43595.2,43710.0,43031.0,43136.15,4463175
2023-01-05,43255.3,43300.0,42473.6,42770.9,4319925
2023-01-06,42755.3,42839.8,42052.0,42358.5,3920775
2023-01-09,42496.4,42908.5,42353.0,42767.35,3515175
2023-01-10,42700.0,42774.8,42005.1,42216.7,4205750
2023-01-11,42250.0,42492.8,41880.0,42393.35,4193650
2023-01-12,42350.0,42500.9,41910.0,42212.95,3689775
2023-01-13,42250.0,42595.0,42022.95,42500.35,3751000
2023-01-16,42633.0,42805.0,42192.0,42301.25,3662775
2023-01-17,42205.0,42489.8,41972.9,42341.3,3665425
2023-01-18,42401.0,42610.95,42216.0,42523.2,3022675
2023-01-19,42450.0,42558.3,42281.0,42350.0,2630500
2023-01-20,42455.1,42709.0,42335.35,42541.95,2930775
2023-01-23,42824.4,42995.0,42725.0,42861.95,2209650
2023-01-24,43000.0,43072.0,42653.6,42762.25,2035750
2023-01-25,42700.05,42705.65,41550.0,41641.8,3169175
2023-01-27,41739.95,41800.05,40421.55,40661.75,6170075
2023-01-30,40267.75,41129.0,39736.2,40704.45,7285800
2023-01-31,40855.6,41169.35,40470.0,41063.15,5393300
2023-02-01,41500.0,42251.95,39718.7,40727.5,11006225
2023-02-02,40289.0,41040.9,40005.55,40937.8,6285075
2023-02-03,41255.0,41684.85,40766.0,41638.25,5269500
2023-02-06,41660.05,41863.0,41405.0,41506.9,3491125
2023-02-07,41605.3,41749.4,41242.3,41641.8,4879825
2023-02-08,41555.55,41921.35,41520.0,41674.7,3157300
2023-02-09,41600.0,41752.3,41365.0,41716.8,3733350
2023-02-10,41510.0,41738.55,41510.0,41648.75,2335900
2023-02-13,41644.85,41733.0,41230.0,41381.9,2807325
2023-02-14,41500.15,41788.4,41277.0,41702.45,3445425
2023-02-15,41625.85,41849.9,41522.85,41791.3,3096975
2023-02-16,41977.05,42036.75,41665.0,41735.75,3157225
2023-02-17,41549.95,41574.85,40950.0,41205.55,5788300
2023-02-20,41250.15,41317.65,40636.15,40796.05,3587875
2023-02-21,40820.0,40985.8,40550.7,40711.2,4013500
2023-02-22,40545.0,40584.55,39919.65,40038.4,4023025
2023-02-23,40038.0,40168.9,39597.85,39972.05,4069575
2023-02-24,40455.3,40622.0,40061.65,40172.0,4338125
2023-02-27,40075.05,40600.0,39982.45,40547.7,3800400
2023-02-28,40599.95,40651.0,40280.0,40487.55,2694750
2023-03-01,40600.05,40942.95,40522.4,40910.45,3177400
2023-03-02,40820.05,40970.0,40550.0,40627.8,3111425
2023-03-03,40785.45,41560.0,40755.35,41423.3,4549925
2023-03-06,41599.7,41799.0,41425.3,41517.8,2777450
2023-03-08,41348.8,41749.05,41242.6,41706.3,4148575
2023-03-09,41721.15,41765.0,41368.7,41408.95,2804300
2023-03-10,40944.95,41050.0,40462.5,40614.5,4610375
2023-03-13,40500.0,40834.55,39586.65,39705.6,6963700
2023-03-14,39735.7,39949.8,39314.85,39643.4,5355225
2023-03-15,39980.0,40056.35,39108.0,39220.9,4833950
2023-03-16,39179.9,39598.8,38831.5,39396.2,6310700
2023-03-17,39660.0,39847.3,39136.85,39740.4,5314175
2023-03-20,39760.15,39760.15,39077.35,39482.35,5022200
2023-03-21,39655.55,40129.45,39490.0,40046.85,4065550
2023-03-22,40187.3,40198.0,39971.0,40119.3,3057000
2023-03-23,39955.2,40273.0,39619.5,39703.8,5006150
2023-03-24,39619.4,39834.0,39348.0,39423.8,4993825
2023-03-27,39449.0,39750.0,39337.2,39486.4,4555375
2023-03-28,39586.0,39645.65,39383.35,39588.85,3096975
2023-03-29,39625.55,39957.4,39619.2,39867.6,3434825
2023-03-31,40497.95,40912.9,40446.0,40833.55,3970050
2023-04-03,40899.9,41050.0,40769.9,41013.9,2892600
2023-04-05,41125.1,41238.95,40967.0,41142.3,2909825
2023-04-06,41001.0,41425.0,40990.0,41169.65,3442075
2023-04-10,41239.6,41239.65,40866.4,40978.2,2565950
2023-04-11,41305.0,41517.65,41075.0,41487.2,3070500
2023-04-12,41501.2,41665.0,41459.6,41637.75,1819950
2023-04-13,41721.1,42230.0,41580.0,42189.65,3309950
2023-04-17,42639.95,42639.95,41858.25,42343.65,3285925
2023-04-18,42449.0,42538.0,42156.0,42335.5,2726375
2023-04-19,42297.5,42375.85,42064.85,42178.4,2332750
2023-04-20,42229.3,42381.7,42126.15,42276.45,2222750
2023-04-21,42200.0,42390.65,41961.25,42145.95,2576675
2023-04-24,42355.45,42712.5,42280.0,42652.35,2982025
2023-04-25,42700.5,42852.0,42615.0,42696.8,2324525
2023-04-26,42595.0,42858.25,42450.0,42823.15,2429750
2023-04-27,42820.45,43036.15,42748.05,43003.1,2132775
2023-04-28,43039.9,43273.05,42875.05,43217.4,2574325
2023-05-02,43360.0,43479.0,43255.65,43367.25,1978200
2023-05-03,43152.0,43348.0,43116.95,43311.6,2105800
2023-05-04,43212.7,43695.0,43212.7,43657.8,2428100
2023-05-05,43225.0,43584.35,42630.0,42712.2,5557550
2023-05-08,42789.95,43450.0,42750.05,43315.95,3084150
2023-05-09,43405.0,43514.95,43127.85,43202.2,2424050
2023-05-10,43190.0,43350.0,42849.1,43314.95,3495925
2023-05-11,43489.95,43644.85,43360.0,43461.75,2833625
2023-05-12,43455.35,43871.95,43331.05,43757.15,2801350
2023-05-15,43757.2,44075.0,43630.05,43999.8,2163575
2023-05-16,44050.05,44114.7,43842.9,43903.15,2062775
2023-05-17,43880.6,43955.0,43465.0,43721.15,2968150
2023-05-18,43792.0,44057.85,43712.65,43775.45,3028750
2023-05-19,43900.0,44016.8,43524.3,43967.15,2907575
2023-05-22,43989.9,44020.0,43701.2,43922.85,2573250
2023-05-23,43953.15,44080.0,43902.0,43981.5,1798850
2023-05-24,43825.4,44014.55,43679.15,43719.2,2465300
2023-05-25,43650.0,43750.0,43385.55,43692.35,2436725
2023-05-26,43784.95,44149.0,43658.0,44068.3,2737025
2023-05-29,44225.0,44525.0,44200.0,44368.3,2068075
2023-05-30,44325.0,44496.5,44280.1,44466.35,1630875
2023-05-31,44377.7,44425.0,43986.25,44241.65,3112275
2023-06-01,44226.0,44290.0,43861.0,43948.25,2342375
2023-06-02,44115.0,44271.45,43950.0,44110.6,2587275
2023-06-05,44242.0,44411.0,44202.7,44286.15,1886025
2023-06-06,44282.0,44349.95,44149.95,44309.05,1711550
2023-06-07,44400.0,44424.8,44300.0,44394.4,1594650
2023-06-08,44399.0,44545.5,44069.7,44147.4,3093950
2023-06-09,44178.15,44325.9,44042.4,44117.95,2145750
2023-06-12,44160.0,44174.55,43991.6,44097.55,1698450
2023-06-13,44050.0,44247.0,44048.0,44216.65,2555700
2023-06-14,44310.1,44310.1,44055.0,44144.2,1525175
2023-06-15,44150.0,44180.0,43526.0,43570.05,3269075
2023-06-16,43657.05,44234.9,43600.0,44042.6,2882900
2023-06-19,44086.1,44124.4,43625.25,43788.1,2631650
2023-06-20,43750.0,43914.95,43450.05,43864.75,2754775
2023-06-21,43900.5,44026.7,43775.0,43940.05,2545750
2023-06-22,43944.9,44082.1,43713.55,43774.0,3246600
2023-06-23,43710.0,43850.0,43563.1,43671.65,2148300
2023-06-26,43313.3,43770.0,43313.3,43686.95,1667975
2023-06-27,43769.25,44155.0,43701.0,44089.45,2461450
2023-06-28,44226.25,44520.0,44134.1,44316.3,3026425
2023-06-30,44625.5,44893.15,44551.1,44850.5,1762950
2023-07-03,44989.0,45445.0,44906.25,45274.1,1961460
2023-07-04,45366.55,45747.8,45092.3,45364.5,2617095
2023-07-05,45299.8,45480.0,45175.0,45237.3,1639185
2023-07-06,45190.0,45460.55,45130.1,45411.2,1965375
2023-07-07,45225.0,45299.5,44920.0,45029.6,2773020
2023-07-10,45045.0,45249.6,44814.5,44944.95,2090325
2023-07-11,45051.1,45180.0,44786.55,44871.45,2374455
2023-07-12,44955.55,45017.7,44750.0,44803.3,2167425
2023-07-13,45098.9,45133.7,44728.25,44776.4,3615795
2023-07-14,44882.2,44964.95,44674.55,44902.65,2444685
2023-07-17,44960.05,45588.2,44777.9,45504.9,3633390
2023-07-18,45750.0,45925.0,45356.0,45484.5,3746850
2023-07-19,45650.0,45748.75,45486.35,45717.55,2132880
2023-07-20,45774.05,46209.0,45668.75,46151.4,2656440
2023-07-21,46075.0,46360.0,45982.8,46108.05,2540775
2023-07-24,46099.0,46222.0,45863.4,45980.05,2135460
2023-07-25,46110.0,46119.5,45650.0,45924.2,2253945
2023-07-26,45989.9,46090.0,45846.8,46047.0,2117250
2023-07-27,46201.05,46500.0,45541.65,45654.75,3053415
2023-07-28,45940.0,46000.0,45484.65,45698.6,2664900
2023-07-31,45744.9,45897.0,45600.0,45860.95,1814850
2023-08-01,45903.05,45944.0,45615.25,45747.95,1869720
2023-08-02,45500.0,45575.0,44877.55,45123.5,3339390
2023-08-03,45000.0,45185.0,44487.55,44722.0,3827790
2023-08-04,44805.55,45227.95,44621.0,45001.6,3661095
2023-08-07,45048.95,45132.95,44885.3,44964.35,2000670
2023-08-08,44972.3,45250.0,44945.5,45057.0,2080695
2023-08-09,45062.95,45073.05,44685.95,45030.45,2844240
2023-08-10,44943.95,45142.15,44625.95,44771.45,3743040
2023-08-11,44759.0,44759.0,44392.4,44464.35,2817735
2023-08-14,44319.95,44398.95,43982.4,44234.05,2661375
2023-08-16,43975.0,44147.7,43818.65,44074.4,3208890
2023-08-17,43994.6,44224.8,43925.0,44047.4,3837855
2023-08-18,43905.5,44071.15,43785.05,43964.7,2193855
2023-08-21,43900.0,44215.9,43900.0,44114.3,2186700
2023-08-22,44159.0,44196.05,44050.0,44088.05,1357080
2023-08-23,44077.05,44573.65,44016.15,44519.45,3187065
2023-08-24,44705.3,45009.95,44525.0,44559.1,3690060
2023-08-25,44350.0,44399.7,43987.7,44222.85,2561670
2023-08-28,44299.0,44614.95,44217.2,44486.65,2023020
2023-08-29,44605.55,44688.0,44443.15,44500.5,1833645
2023-08-30,44636.4,44781.15,44116.85,44232.2,2390640
2023-08-31,44219.45,44388.0,43872.95,43944.3,3320745
2023-09-01,44268.7,44746.15,44061.0,44601.5,3428970
2023-09-04,44160.05,44885.0,44160.05,44781.5,1982850
2023-09-05,44750.0,44870.0,44606.9,44766.05,1910850
2023-09-06,44710.0,44759.95,44470.05,44644.05,3044175
2023-09-07,44605.3,45099.95,44538.25,45045.15,2863050
2023-09-08,45151.0,45563.15,44976.45,45319.65,2564310
2023-09-11,45458.8,45765.0,45380.9,45697.85,2018115
2023-09-12,45899.0,45929.7,45413.1,45627.95,2807310
2023-09-13,45578.0,46045.4,45460.15,46001.85,3562935
2023-09-14,46041.95,46210.0,45874.0,46113.65,1852200
2023-09-15,46115.0,46375.9,46114.55,46288.05,1770600
2023-09-18,46194.95,46307.0,45986.3,46072.45,1843005
2023-09-20,45705.4,45839.9,45440.0,45557.45,3066960
2023-09-21,45394.8,45394.8,44671.5,44759.25,2968560
2023-09-22,44725.0,45099.0,44589.55,44677.6,2803275
2023-09-25,44680.0,44990.95,44469.0,44812.65,2205510
2023-09-26,44700.0,44812.65,44523.3,44667.3,1264575
2023-09-27,44549.9,44730.0,44149.05,44605.25,2165280
2023-09-28,44509.4,44745.0,44290.05,44310.85,2135295
2023-09-29,44780.0,44998.0,44620.3,44847.85,2611095
2023-10-03,44712.5,44747.0,44500.0,44621.45,1503480
2023-10-04,44372.2,44390.0,44050.25,44214.15,2946420
2023-10-05,44350.0,44550.0,44280.0,44411.7,1961460
2023-10-06,44503.0,44664.55,44400.05,44510.2,1903470
2023-10-09,44205.0,44287.95,43935.0,44010.45,1844010
2023-10-10,44210.05,44620.0,44080.0,44530.3,2073405
2023-10-11,44683.4,44808.0,44550.1,44685.55,2112015
2023-10-12,44725.0,44820.85,44682.2,44747.95,990375
2023-10-13,44449.5,44720.0,44318.05,44394.05,2272815
2023-10-16,44299.75,44455.0,44150.0,44343.05,1444635
2023-10-17,44642.25,44703.6,44410.0,44493.7,1614870
2023-10-18,44475.1,44510.0,44000.0,44053.4,2637675
2023-10-19,43770.0,44117.0,43684.1,43845.15,2140320
2023-10-20,43650.0,43919.95,43622.05,43738.75,1677660
2023-10-23,43790.0,43839.8,42996.8,43141.6,2347845
2023-10-25,43261.05,43399.0,42755.25,42811.55,2044590
2023-10-26,42730.0,42730.0,42067.0,42270.35,2290815
2023-10-27,42755.3,43100.0,42730.2,43043.4,1722900
2023-10-30,42994.35,43350.0,42623.0,43295.7,2738265
2023-10-31,43603.05,43603.05,43020.4,43076.85,2490255
2023-11-01,42981.05,43062.4,42849.0,42928.1,2305410
2023-11-02,43155.55,43554.85,42978.1,43320.55,2989455
2023-11-03,43525.0,43604.1,43430.0,43509.1,1752510
2023-11-06,43598.85,43868.0,43598.85,43839.8,1631625
2023-11-07,43855.3,43979.0,43517.35,43926.85,2480340
2023-11-08,43901.0,43996.15,43751.0,43836.2,2262000
2023-11-09,43780.0,44075.0,43746.7,43916.6,1997520
2023-11-10,43741.2,44017.0,43355.55,43952.4,2082105
2023-11-12,44055.55,44145.0,43952.4,44051.9,515820
2023-11-13,44019.9,44085.0,43801.0,44013.7,1728525
2023-11-15,44450.0,44454.65,44290.05,44387.25,3295305
2023-11-16,44390.85,44552.95,44205.0,44293.9,1820565
2023-11-17,43894.8,44066.2,43649.85,43715.45,2656140
2023-11-20,43724.6,43900.0,43559.8,43742.15,1492680
2023-11-21,43840.0,43897.45,43655.25,43791.85,1425345
2023-11-22,43791.0,43795.3,43375.0,43587.95,3082605
2023-11-23,43614.2,43758.35,43562.0,43690.15,1010040
2023-11-24,43693.15,43845.0,43586.0,43805.55,1485960
2023-11-28,43867.95,44048.4,43791.1,43984.3,1552200
2023-11-29,44100.0,44721.6,44022.1,44662.65,2268270
2023-11-30,44745.0,44785.3,44210.0,44459.95,2559465
2023-12-01,44522.35,45230.6,44522.35,45071.2,2182875
2023-12-04,45750.5,46725.0,45602.05,46659.55,3942750
2023-12-05,46854.45,47493.95,46749.15,47152.4,3700890
2023-12-06,47302.05,47367.95,46845.0,46926.2,2682195
2023-12-07,46898.0,47125.05,46600.0,47047.15,1851540
2023-12-08,47050.05,47599.0,46961.3,47499.8,2735025
2023-12-11,47500.2,47769.95,47368.15,47491.85,1765725
2023-12-12,47574.8,47600.0,47237.75,47308.45,1663890
2023-12-13,47350.0,47447.2,47111.55,47396.25,1905150
2023-12-14,47652.2,48199.95,47650.3,48029.6,2221320
2023-12-15,48249.7,48375.0,47780.0,48271.45,2305725
2023-12-18,48020.0,48206.35,47890.4,47947.35,1679475
2023-12-19,48000.0,48228.0,47784.8,48009.8,1765455
2023-12-20,48111.55,48265.0,47316.6,47480.55,3133065
2023-12-21,47245.0,48207.95,46964.7,48105.0,3970290
2023-12-22,48105.0,48280.15,47470.8,47575.6,3124755
2023-12-26,47596.6,47971.95,47450.45,47825.45,2072670
2023-12-27,47904.75,48443.0,47856.05,48359.95,2174190
2023-12-28,48456.35,48679.0,48357.9,48506.6,1700415
2023-12-29,48750.0,48805.0,48404.75,48628.8,1948455
2024-01-01,48580.0,48869.0,48389.4,48535.7,1806330
2024-01-02,48375.0,48489.95,47877.45,47946.65,2670690
2024-01-03,47849.85,48086.85,47763.75,47931.95,2585175
2024-01-04,48062.3,48581.3,47995.65,48501.75,2319345
2024-01-05,48502.05,48625.0,47982.0,48388.45,2649690
2024-01-08,48490.0,48490.0,47567.0,47621.85,2883630
2024-01-09,47811.1,48146.9,47341.05,47391.5,2940735
2024-01-10,47280.0,47666.0,47201.0,47606.85,2281500
2024-01-11,47767.4,47822.65,47340.55,47573.7,1686135
2024-01-12,47656.8,48047.0,47568.6,47840.15,2333745
2024-01-15,48002.25,48380.0,47933.2,48306.25,1978545
2024-01-16,48255.35,48440.0,48078.85,48224.95,1992615
2024-01-17,47015.2,47600.0,46050.7,46159.25,5946525
2024-01-18,45699.95,46358.4,45600.0,45869.25,4003740
2024-01-19,46155.55,46337.85,45584.35,45797.2,3153675
2024-01-20,46050.0,46210.0,45760.0,46136.05,1780905
2024-01-23,46506.05,46525.5,44835.25,44913.05,3710250
2024-01-24,44500.0,45550.0,44499.85,45152.85,4586445
2024-01-25,45096.9,45138.8,44404.0,44773.5,2811075
2024-01-29,45500.0,46039.0,45453.95,45735.05,4167000
2024-01-30,45850.25,45930.0,45422.35,45671.25,2506425
2024-01-31,45579.0,46444.5,45405.55,46324.25,3894885
2024-02-01,46351.15,46581.0,45882.25,46437.15,4138005
2024-02-02,46725.0,47145.5,46160.0,46236.65,4402215
2024-02-05,46100.0,46348.95,45867.05,46040.4,2934315
2024-02-06,45959.55,46165.0,45740.0,45971.0,2531445
2024-02-07,46201.05,46296.0,45901.0,46131.9,2709675
2024-02-08,46276.25,46475.7,45053.2,45212.45,4058565
2024-02-09,45179.85,45975.0,45110.15,45899.55,3299175
2024-02-12,45949.9,45999.9,44803.75,45090.85,3341295
2024-02-13,45205.35,46012.0,45011.3,45732.5,4481685
2024-02-14,45199.95,46350.0,45021.1,46089.95,5757090
2024-02-15,46250.0,46465.25,45678.9,46385.05,3283485
2024-02-16,46580.0,46885.75,46350.0,46503.4,2606460
2024-02-19,46599.0,46885.0,46403.0,46638.9,2295285
2024-02-20,46648.0,47225.2,46464.35,47188.0,2885985
2024-02-21,47400.05,47400.05,46900.85,47024.85,3345690
2024-02-22,46999.9,47089.0,46506.0,46980.3,3238095
2024-02-23,47100.0,47399.0,46764.55,46842.65,3054915
2024-02-26,46694.7,46934.6,46526.0,46607.7,2471985
2024-02-27,46545.0,46745.0,46310.3,46587.2,2336490
2024-02-28,46602.05,46767.1,45772.75,45852.25,3486900
2024-02-29,45827.9,46387.85,45616.65,46085.65,2667105
2024-03-01,46675.0,47637.4,46629.8,47578.0,3512955
2024-03-02,47625.0,47700.0,47355.55,47659.8,391665
2024-03-04,47625.0,47780.0,47424.1,47691.25,2084610
2024-03-05,47535.05,48048.2,47487.0,47909.05,2332290
2024-03-06,47705.3,48344.95,47705.3,48117.45,3892935
2024-03-07,48200.0,48202.35,47880.3,47958.3,2096190
2024-03-11,47898.0,47978.4,47403.3,47489.85,2318430
2024-03-12,47499.9,48034.0,47162.55,47527.25,3858255
2024-03-13,47600.0,47684.3,46947.55,47081.35,3098910
2024-03-14,47000.0,47447.0,46791.0,46996.15,2654145
2024-03-15,46825.0,46987.2,46440.25,46694.7,2774205
2024-03-18,46649.95,46900.0,46210.0,46741.6,2377515
2024-03-19,46679.55,46777.0,46364.0,46449.05,1868445
2024-03-20,46475.0,46789.55,46002.0,46449.05,3472995
2024-03-21,46726.25,47142.0,46629.85,46794.65,2476995
2024-03-22,46719.7,47075.0,46610.0,46929.0,2091585
2024-03-26,46805.4,46878.1,46610.3,46717.55,1717125
2024-03-27,46708.3,46960.9,46649.05,46761.15,2105550
2024-03-28,47549.5,47763.0,47264.8,47545.15,3045060
2024-04-01,47702.95,47947.25,47647.65,47913.7,2956110
2024-04-02,47805.4,48051.0,47750.15,47892.9,1602720
2024-04-03,47699.0,47967.0,47580.0,47912.3,1867650
2024-04-04,48185.0,48323.5,47920.0,48199.1,2535525
2024-04-05,48170.0,48725.0,48014.05,48658.1,2293110
2024-04-08,48705.1,48847.0,48567.05,48691.15,1411845
2024-04-09,48857.0,49074.95,48622.05,48799.85,1930995
2024-04-10,48901.1,49086.0,48760.05,49019.05,1891170
2024-04-12,48751.0,48914.75,48666.1,48714.1,1789305
2024-04-15,47573.75,48449.85,47573.75,47851.15,2320185
2024-04-16,47750.0,47750.0,47422.0,47660.95,1842675
2024-04-18,47750.0,47953.85,47040.0,47175.05,2747610
2024-04-19,46865.0,47682.35,46611.2,47575.6,2757165
2024-04-22,47990.0,48037.85,47596.45,47989.1,2288415
2024-04-23,48175.55,48175.55,47895.05,47991.65,1522800
2024-04-24,48102.1,48236.7,48000.0,48190.95,1565730
2024-04-25,48005.4,48732.6,47999.9,48632.4,2203680
2024-04-26,48660.0,48798.9,48265.15,48379.85,1824360
2024-04-29,48555.0,49581.45,48497.5,49549.75,3293790
2024-04-30,49600.0,49927.45,49380.0,49450.55,3446580
2024-05-02,49300.2,49588.0,49170.85,49388.35,1668840
2024-05-03,49506.05,49650.0,48870.0,49094.75,2832540
2024-05-06,49240.0,49420.0,48885.0,49045.65,2241825
2024-05-07,49075.05,49099.4,48285.5,48349.05,2624040
2024-05-08,48299.0,48354.1,48011.4,48175.9,2409390
2024-05-09,48235.0,48367.25,47636.0,47669.2,2456880
2024-05-10,47706.0,48090.0,47479.85,47607.25,2025795
2024-05-13,47600.0,48075.0,47200.0,48003.7,2837595
2024-05-14,48075.0,48225.0,47825.1,48091.65,1726395
2024-05-15,48091.65,48145.15,47731.0,47908.55,1977780
2024-05-16,48047.9,48175.0,47063.65,48092.35,3306330
2024-05-17,48140.05,48348.0,47930.0,48195.1,1724250
2024-05-18,48299.0,48300.05,48163.55,48288.1,193095
2024-05-21,48174.1,48420.0,48054.0,48153.1,1854180
2024-05-22,48190.0,48193.0,47611.1,47974.1,3589620
2024-05-23,48055.3,48924.45,48000.0,48838.65,3335595
2024-05-24,48838.65,49115.9,48702.05,49045.15,2200650
2024-05-27,49124.0,49840.0,49050.0,49297.5,2383560
2024-05-28,49400.0,49537.4,49106.3,49182.8,1937655
2024-05-29,48948.9,49054.65,48423.8,48491.35,2708955
2024-05-30,48990.0,49480.0,48810.0,49037.4,3526275
2024-05-31,49200.0,49444.0,48850.25,49352.35,3322365
2024-06-03,50606.05,51486.0,50352.0,51283.05,4359660
2024-06-04,50800.0,51098.0,46184.95,47088.55,10294455
2024-06-05,47400.0,49473.75,46781.7,49117.65,8188305
2024-06-06,49335.3,49751.5,49060.0,49435.75,3531315
2024-06-07,49130.0,50025.0,48547.0,49908.95,3415155
2024-06-10,49995.5,50289.75,49616.9,49732.2,2687775
2024-06-11,49639.9,50080.0,49572.0,49768.75,2237340
2024-06-12,49791.95,50289.95,49739.8,49914.95,2885145
2024-06-13,50101.0,50155.8,49850.4,49912.65,1423050
2024-06-14,50000.0,50175.0,49750.0,50042.4,1702830
2024-06-18,50190.85,50449.0,49990.0,50417.35,1975410
2024-06-19,50462.25,51885.55,50444.1,51353.4,5845305
2024-06-20,51630.9,51800.0,51212.0,51755.1,2391045
2024-06-21,51821.0,51821.0,51273.5,51613.35,2613975
2024-06-24,51294.7,51864.75,51150.0,51751.05,2337210
2024-06-25,51799.95,52718.25,51768.8,52626.85,2547780
2024-06-26,52626.85,52990.0,52255.55,52894.15,2218515
2024-06-27,52800.0,53221.0,52670.0,52905.6,2256930
2024-06-28,52899.95,53050.0,52438.15,52529.7,2465250
2024-07-01,52524.0,52813.65,52301.0,52709.1,1670265
2024-07-02,52850.05,52924.85,52184.2,52368.5,2506575
2024-07-03,52855.3,53249.0,52594.2,53091.65,3999255
2024-07-04,53251.05,53301.1,52831.0,53166.2,1891350
2024-07-05,52998.6,52998.6,52300.0,52724.1,2668665
2024-07-08,52611.0,52802.85,52350.1,52560.5,1961100
2024-07-09,52500.0,52743.7,52500.0,52615.75,1192545
2024-07-10,52542.05,52606.55,52204.9,52318.6,2359875
2024-07-11,52399.95,52495.0,51860.0,52439.45,2689455
2024-07-12,52466.4,52847.15,52270.0,52366.9,2441970
2024-07-15,52394.0,52721.35,52238.05,52630.15,2096400
2024-07-16,52650.0,52719.75,52448.3,52529.05,1289295
2024-07-18,52431.95,52835.0,52282.15,52670.35,2600385
2024-07-19,52535.0,52640.0,52131.95,52270.65,2216475
2024-07-22,52100.0,52435.35,51932.25,52286.55,1593375
2024-07-23,52405.3,52462.75,51411.0,51818.2,3909135
2024-07-24,51611.15,51974.85,50921.0,51401.1,3747495
2024-07-25,50966.0,51104.95,50601.0,50934.2,1687065
2024-07-26,50650.0,51389.0,50605.0,51299.1,2031330
2024-07-29,51557.5,52381.75,51240.25,51384.85,2880165
2024-07-30,51349.0,51938.0,51226.7,51520.3,1780470
2024-07-31,51520.35,51657.0,51307.3,51527.45,1365825
2024-08-01,51990.0,52080.0,51635.0,51753.4,1710315
2024-08-02,51405.0,51736.9,51151.6,51429.3,2350755
2024-08-05,50678.0,50976.95,49843.25,50215.45,3664035
2024-08-06,50499.9,50767.8,49815.8,49919.2,2612100
2024-08-07,50391.7,50400.0,49950.0,50340.7,2851350
2024-08-08,50240.0,50531.9,49980.0,50205.9,2200515
2024-08-09,50635.5,50795.1,50479.05,50574.1,1729635
2024-08-12,50499.95,50998.0,50341.5,50721.0,2411445
2024-08-13,50600.0,50746.1,50005.7,50052.0,2693010
2024-08-14,50099.0,50300.0,49865.9,49955.3,1595205
2024-08-16,50250.25,50977.0,49960.05,50624.4,3101430
2024-08-19,50705.55,50814.75,50427.0,50485.25,1671825
2024-08-20,50554.95,51080.95,50506.2,50892.2,2270610
2024-08-21,50832.0,50890.0,50463.0,50806.95,3061155
2024-08-22,50955.6,51142.45,50851.05,51037.05,1709565
2024-08-23,51049.95,51154.45,50889.0,50966.35,1346565
2024-08-26,51148.0,51378.5,51020.0,51219.15,1777065
2024-08-27,51247.7,51388.55,50931.5,51256.2,2213745
2024-08-28,51421.0,51421.0,51065.0,51148.0,1936515
2024-08-29,51395.15,51670.0,51311.6,51490.75,1997400
2024-08-30,51500.5,51729.0,51500.5,51663.1,1469055
2024-09-02,51755.05,51820.0,51519.35,51650.7,1556340
2024-09-03,51646.0,51885.0,51525.0,51834.1,1664505
2024-09-04,51535.35,51703.95,51535.35,51607.6,1622760
2024-09-05,51675.0,51775.0,51641.05,51727.6,880530
2024-09-06,51530.0,51670.0,50610.0,50781.4,2835270
2024-09-09,50761.0,51330.0,50255.55,51267.4,2217075
2024-09-10,51403.2,51496.0,51135.05,51371.2,1691010
2024-09-11,51300.0,51519.0,51086.7,51124.0,1955865
2024-09-12,51320.0,51880.0,51150.0,51759.2,2474550
2024-09-13,51944.7,52044.0,51692.0,51929.4,1637790
2024-09-16,51970.0,52299.0,51970.0,52261.35,1307010
2024-09-17,52271.5,52357.5,52185.0,52295.6,1027620
2024-09-18,52205.15,52999.0,52205.15,52757.1,2732295
2024-09-19,52849.0,53447.05,52833.15,53177.55,2013450
2024-09-20,53325.15,53643.95,53091.0,53550.85,2414715
2024-09-23,53900.05,54252.1,53661.0,54072.3,1690500
2024-09-24,54058.0,54200.0,53954.0,54026.3,1371960
2024-09-25,53897.3,54115.25,53871.05,54102.05,1559025
2024-09-26,54280.0,54640.0,54280.0,54549.05,1322925
2024-09-27,54503.0,54587.1,54125.0,54220.0,1632855
2024-09-30,54000.0,54042.4,53366.0,53435.15,2220105
2024-10-01,53388.95,53645.0,53252.0,53381.2,1746825
2024-10-03,52905.4,53050.0,52190.0,52384.75,2549985
2024-10-04,52264.8,52741.0,51771.2,51871.45,2782350
2024-10-07,51999.0,52140.0,50696.2,51016.25,3874395
2024-10-08,51132.05,51559.0,50878.05,51392.5,1954860
2024-10-09,51460.0,52037.0,51311.3,51373.7,3145230
2024-10-10,51510.0,51930.0,51431.0,51780.95,1425855
2024-10-11,51897.0,51897.0,51219.1,51386.4,1622955
2024-10-14,51469.95,52098.9,51426.4,52042.75,1775535
2024-10-15,52176.0,52241.0,51910.2,52106.85,1303680
2024-10-16,51944.7,52250.0,51944.7,52042.65,1165650
2024-10-17,52099.95,52160.0,51314.65,51491.7,1816920
2024-10-18,51400.0,52420.0,51185.5,52310.4,2550975
2024-10-21,52462.05,52665.0,51936.05,52040.25,1958610
2024-10-22,52105.3,52350.0,51365.65,51434.8,2124585
2024-10-23,51305.35,51644.0,51218.4,51352.65,1574655
2024-10-24,51399.9,51896.9,51271.0,51605.75,1917780
2024-10-25,51544.7,51633.7,50374.75,50846.1,2765610
2024-10-28,51105.3,51597.7,51014.5,51327.35,2243310
2024-10-29,51405.05,52332.95,51297.55,52294.05,2425260
2024-10-30,52149.95,52244.0,51712.1,51798.6,1812450
2024-10-31,52201.85,52440.0,51704.0,51954.4,1895250
2024-11-01,51995.0,52075.0,51903.0,51927.75,274770
2024-11-04,51950.0,51993.9,51288.1,51552.05,1627875
2024-11-05,51500.0,52465.8,51217.9,52393.95,2770605
2024-11-06,52588.0,52739.9,52437.5,52650.35,1665015
2024-11-07,52544.7,52630.0,52035.05,52199.9,1594860
2024-11-08,52110.05,52275.0,51705.0,51788.55,1641375
2024-11-11,51605.4,52388.0,51519.35,52082.2,1730640
2024-11-12,52162.1,52349.0,51275.55,51373.85,2245785
2024-11-13,51199.9,51464.0,50164.05,50358.25,2841525
2024-11-14,50386.4,50732.55,50066.25,50296.95,1762575
2024-11-18,50299.95,50560.0,50125.0,50429.85,1203225
2024-11-19,50555.55,51070.25,50465.1,50590.9,2230935
2024-11-21,50500.05,50605.4,49817.3,50407.4,2288280
2024-11-22,50580.0,51280.0,50523.2,51082.35,2358990
2024-11-25,52000.0,52290.0,51720.0,52171.6,2176155
2024-11-26,52399.0,52400.15,51980.1,52218.7,1340730
2024-11-27,52217.95,52465.0,52029.75,52305.2,1706640
2024-11-28,52689.95,53093.0,52200.0,52329.4,2628420
2024-11-29,52389.85,52486.45,52035.45,52364.45,1520205
2024-12-02,52340.0,52499.0,52000.0,52395.15,1403490
2024-12-03,52515.0,52992.0,52452.2,52868.85,1822035
2024-12-04,52855.3,53533.0,52850.0,53381.4,1875840
2024-12-05,53459.95,53950.0,53060.05,53674.65,2258325
2024-12-06,53700.0,53995.0,53203.0,53717.85,2471640
2024-12-09,53599.95,53900.0,53465.0,53531.0,1403265
2024-12-10,53605.3,53749.0,53409.2,53699.5,1134615
2024-12-11,53605.0,53799.0,53456.0,53558.6,1212900
2024-12-12,53399.55,53699.0,53360.5,53437.8,1011705
2024-12-13,53344.0,53675.0,52380.1,53625.8,3447810
2024-12-16,53600.0,53825.0,53460.4,53697.2,1390050
2024-12-17,53484.0,53657.95,52850.45,53015.75,2200740
2024-12-18,52900.0,52976.0,52112.3,52304.2,2323410
2024-12-19,51670.3,51932.0,51400.0,51749.7,1760280
2024-12-20,51621.0,51721.25,50622.4,50769.95,2262540
2024-12-23,51002.1,51483.85,51000.15,51303.15,1628370
2024-12-24,51333.35,51347.7,51118.5,51227.35,1397250
2024-12-26,51850.05,52185.95,51335.0,51574.95,1460175
2024-12-27,51601.6,52018.0,51520.0,51724.3,1051770
2024-12-30,51660.0,52295.0,51082.1,51404.35,2397165
2024-12-31,51084.8,51370.0,51003.4,51286.15,1010640
2025-01-01,51289.95,51698.0,50850.0,51439.25,1446255
2025-01-02,51439.95,51938.0,51329.95,51860.2,1425000
2025-01-03,51825.45,51928.75,51158.75,51259.2,1713840
2025-01-06,51184.9,51286.75,50000.0,50163.1,2298105
2025-01-07,50150.0,50720.0,50150.0,50415.3,1389975
2025-01-08,50389.8,50462.0,49625.0,50095.4,1865415
2025-01-09,49960.3,50018.6,49455.55,49787.25,1377900
2025-01-10,49421.6,49716.05,48789.0,48886.4,2136780
2025-01-13,48430.0,48822.0,48102.0,48266.25,1926330
2025-01-14,48424.0,49250.0,48351.1,48971.05,1777635
2025-01-15,49120.0,49237.45,48630.15,48892.55,1147485
2025-01-16,49300.1,49670.0,49134.75,49443.95,1517175
2025-01-17,49201.0,49288.4,48425.0,48685.65,1906050
2025-01-20,48902.1,49815.0,48774.9,49512.9,1969035
2025-01-21,49555.05,49699.95,48606.05,48763.25,2081610
2025-01-22,48860.15,48950.0,48185.0,48887.65,1893765
2025-01-23,48900.0,49022.65,48586.45,48696.0,1287210
2025-01-24,48750.0,48950.0,48252.0,48375.2,1883400
2025-01-27,47994.7,48349.9,47722.25,48080.95,1600455
2025-01-28,48610.0,49213.95,48417.7,48828.9,2105895
2025-01-29,48926.05,49128.0,48812.1,49082.15,1299285
2025-01-30,49080.0,49377.7,49031.4,49289.5,1227795
2025-01-31,49700.0,49995.0,49364.5,49862.0,2020770
2025-02-01,49720.0,50250.0,49151.3,49768.6,2944860
2025-02-03,49294.7,49645.0,49200.0,49505.15,1409130
2025-02-04,49702.05,50360.95,49700.0,50315.55,2419620
2025-02-05,50455.3,50688.6,50380.0,50531.1,1206330
2025-02-06,50500.0,50710.05,50351.0,50608.7,1145940
2025-02-07,50630.5,50798.7,50070.3,50354.55,2582010
2025-02-10,50280.0,50347.0,49902.25,50234.15,1180200
2025-02-11,50190.0,50190.0,49425.0,49681.75,1841100
2025-02-12,49550.0,49930.0,48966.0,49716.5,2191620
2025-02-13,49735.0,50025.0,49451.05,49571.4,1365720
2025-02-14,49705.3,49767.65,48908.1,49334.55,1774980
2025-02-17,49179.95,49517.75,48709.0,49462.15,1640220
2025-02-18,49460.0,49460.0,48940.8,49208.05,1280130
2025-02-19,49099.7,49750.0,48930.05,49630.55,1635450
2025-02-20,49444.7,49563.2,49300.0,49473.3,949470
2025-02-21,49299.95,49387.9,48852.0,49031.4,1719690
2025-02-24,48644.7,48913.95,48305.45,48793.9,1566780
2025-02-25,48806.85,48917.75,48635.0,48723.45,1109220
2025-02-27,48749.95,48984.65,48730.0,48785.5,1652070
2025-02-28,48734.0,48943.65,48318.3,48628.25,1775250
2025-03-03,48775.75,48856.4,48116.7,48396.0,1395900
2025-03-04,48250.0,48619.85,48110.3,48472.25,1358400
2025-03-05,48492.0,48879.95,48433.15,48714.7,1189020
2025-03-06,48894.7,49099.9,48526.0,48780.35,1279710
2025-03-07,48626.0,48896.35,48510.0,48680.15,1338000
2025-03-10,48489.9,48702.95,48220.0,48315.35,1118340
2025-03-11,47999.95,48150.0,47751.6,47999.5,1324470
2025-03-12,48055.05,48330.0,47939.7,48213.9,1239240
2025-03-13,48300.0,48461.0,48100.0,48160.2,1037940
2025-03-17,48250.05,48589.6,48241.15,48485.6,1015290
2025-03-18,48751.05,49481.1,48664.1,49422.4,1900920
2025-03-19,49600.05,49878.95,49435.2,49808.15,1130940
2025-03-20,50000.05,50174.1,49830.0,50097.1,1115280
2025-03-21,50010.3,50630.0,49980.0,50593.75,1334430
2025-03-24,51001.25,51839.4,50800.0,51753.9,1783740
2025-03-25,51950.1,52050.0,51567.0,51665.2,1611930
2025-03-26,51649.85,51958.85,51161.0,51273.45,1541670
2025-03-27,51160.0,51701.9,51068.1,51591.9,1036500
2025-03-28,52050.0,52125.0,51631.05,51840.85,1627410
2025-04-01,51683.95,51920.0,51050.0,51187.1,1810290
2025-04-02,51116.25,51647.95,51055.55,51581.15,1158810
2025-04-03,51299.9,51865.3,51200.0,51798.5,1287030
2025-04-04,51710.0,51993.0,51459.15,51593.55,1704090
2025-04-07,49901.2,50784.95,49366.1,50095.7,3624570
2025-04-08,50502.05,50966.55,50264.9,50768.2,1833780
2025-04-09,50600.0,50754.85,50040.3,50468.6,1814310
2025-04-11,50799.0,51385.0,50799.0,51162.05,1563360
2025-04-15,52099.6,52460.0,51802.0,52383.6,1693920
2025-04-16,52550.0,53152.0,52433.6,53082.8,1465230
2025-04-17,53095.8,54373.2,53049.8,54201.4,1880430
2025-04-21,54640.8,55416.6,54577.8,55293.8,2109150
2025-04-22,55360.0,55900.0,55252.0,55576.8,1458720
2025-04-23,55865.0,55900.2,55184.8,55400.6,1370220
2025-04-24,55244.0,55576.4,55130.0,55233.6,1005060
2025-04-25,55355.0,55555.0,54409.4,54724.0,2683590
2025-04-28,54735.2,55825.0,54650.0,55671.2,1715370
2025-04-29,55744.6,56194.8,55437.0,55509.6,1635630
2025-04-30,55440.0,55630.0,55131.0,55241.8,1275030
2025-05-02,55250.2,55929.0,55073.6,55209.8,1956060
2025-05-05,55124.8,55448.0,54915.0,55080.6,1251960
2025-05-06,55050.6,55205.8,54267.0,54363.0,1364640
2025-05-07,54250.0,54796.0,54037.6,54671.0,1739550
2025-05-08,54806.2,55029.0,54150.0,54288.6,1563120
2025-05-09,54400.0,54400.0,53585.0,53732.0,1671630
2025-05-12,54648.0,55680.8,54502.2,55599.2,2272470
2025-05-13,55644.0,55644.0,55042.0,55089.0,1584000
2025-05-14,55124.4,55258.4,54576.8,54910.0,1227780
2025-05-15,54970.0,55499.6,54625.0,55399.6,1681410
2025-05-16,55405.4,55600.0,55252.6,55503.2,760500
2025-05-19,55536.2,55831.4,55403.4,55514.8,1082640
2025-05-20,55700.0,55701.6,55030.0,55103.8,1137660
2025-05-21,55201.0,55450.0,54773.0,55142.0,1408200
2025-05-22,54944.8,55120.0,54700.0,55068.4,1024380
2025-05-23,55149.0,55559.4,54941.4,55495.6,1253370
2025-05-26,55586.4,55980.0,55357.0,55687.0,1280460
2025-05-27,55590.8,55940.0,55069.2,55472.6,1986660
2025-05-28,55424.4,55575.0,55290.4,55445.6,1082760
2025-05-29,55659.8,55747.8,55083.0,55474.4,1198470
2025-05-30,55950.0,56140.2,55707.0,56076.4,1329330
2025-06-02,56100.0,56217.2,55719.0,56180.4,1289520
2025-06-03,56275.0,56355.0,55824.2,55931.0,1398030
2025-06-04,55930.8,56047.8,55700.0,55989.4,794580
2025-06-05,56010.4,56219.0,55851.0,56044.4,999720
2025-06-06,55999.8,56832.8,55780.0,56770.4,3436800
2025-06-09,57150.0,57165.2,56905.4,56999.2,955380
2025-06-10,57026.2,57099.0,56721.0,56764.6,772830
2025-06-11,56755.0,56938.0,56570.4,56648.6,927810
2025-06-12,56635.0,56742.6,56200.0,56269.6,1207470
2025-06-13,55555.6,55800.0,55350.6,55614.4,1187400
2025-06-16,55550.0,56165.0,55505.0,56112.4,1114650
2025-06-17,56110.0,56599.6,55735.0,55780.8,704550
2025-06-18,55670.0,56050.6,55670.0,55899.0,854340
2025-06-19,55884.4,56025.0,55612.8,55655.0,805890
2025-06-20,55680.0,56340.0,55651.2,56298.0,1305930
2025-06-23,55899.8,56299.6,55805.0,56097.8,1366980
2025-06-24,56506.2,56879.8,56357.0,56500.8,1593540
2025-06-25,56600.0,56687.8,56440.0,56619.2,844770
2025-06-26,56655.2,57251.0,56535.0,57217.2,1297500
2025-06-27,57260.0,57668.6,57256.4,57648.2,1022210
2025-06-30,57636.0,57849.8,57468.2,57553.6,807310
2025-07-01,57625.0,57750.0,57380.0,57689.6,767690
2025-07-02,57706.6,57760.8,57175.0,57317.0,1222515
2025-07-03,57250.0,57455.0,57093.0,57119.6,854525
2025-07-04,57088.8,57340.0,56910.0,57293.8,857535
2025-07-07,57270.0,57419.2,57063.6,57187.8,833700
2025-07-08,57290.0,57489.4,57149.2,57454.0,816865
2025-07-09,57390.8,57499.0,57250.0,57383.6,613025
2025-07-10,57379.8,57488.6,57142.2,57171.6,815010
2025-07-11,57075.0,57225.0,56814.0,56917.6,847175
2025-07-14,56888.0,57075.0,56769.2,57002.6,714035
2025-07-15,56999.8,57339.8,56999.8,57232.6,896805
2025-07-16,57235.8,57340.0,57060.0,57265.2,729050
2025-07-17,57380.2,57380.2,56923.6,56973.4,921760
2025-07-18,56744.0,56900.0,56354.2,56415.6,1348865
2025-07-21,56640.0,57030.0,56350.0,56981.8,1533560
2025-07-22,57205.2,57211.6,56750.0,56804.6,814870
2025-07-23,56866.0,57294.0,56757.8,57235.8,863765
2025-07-24,57410.2,57410.2,56931.8,57117.6,873950
2025-07-25,57068.2,57185.0,56511.0,56585.8,1277220
2025-07-28,56298.4,56670.0,56061.0,56179.0,1004325
2025-07-29,55999.2,56400.0,55955.0,56331.8,1028965
2025-07-30,56339.6,56356.0,56106.0,56217.6,866845
2025-07-31,55946.6,56450.0,55528.2,55988.8,1504650
2025-08-01,56200.0,56249.8,55730.0,55794.2,1148875
2025-08-04,55780.2,55948.2,55622.2,55860.0,716310
2025-08-05,55879.2,55900.0,55390.8,55539.2,962675
2025-08-06,55551.0,55749.0,55407.2,55580.8,916860
2025-08-07,55490.0,55841.6,55151.0,55757.6,1183245
2025-08-08,55799.8,55799.8,55070.0,55166.0,1018010
2025-08-11,55150.2,55590.0,55079.8,55540.0,949130
2025-08-12,55500.0,55698.0,55255.4,55287.4,924245
2025-08-13,55450.2,55490.4,55270.0,55433.2,662865
2025-08-14,55417.8,55624.0,55353.0,55503.8,682360
2025-08-18,56000.0,56245.0,55720.0,55862.8,1359505
2025-08-19,55789.8,56047.0,55748.8,55965.8,644280
2025-08-20,55735.0,55904.8,55701.6,55815.6,547890
2025-08-21,55921.2,56094.8,55830.6,55890.0,651595
2025-08-22,55799.6,55821.6,55225.0,55270.6,1103095
2025-08-25,55368.8,55418.0,55168.2,55258.8,688975
2025-08-26,55149.8,55149.8,54455.2,54525.6,1514415
2025-08-28,54398.6,54424.2,53779.0,53813.4,1996470
2025-08-29,54284.0,54479.0,54005.2,54060.4,844900
2025-09-01,54158.0,54385.0,54116.4,54370.0,726530
2025-09-02,54399.8,54500.0,53950.0,54039.4,922950
2025-09-03,54011.4,54428.4,53915.0,54373.6,929705
2025-09-04,54526.2,54670.0,54211.8,54293.0,1044505
2025-09-05,54366.2,54475.6,53977.6,54364.6,979370
2025-09-08,54444.0,54786.6,54335.2,54499.8,926205
2025-09-09,54555.0,54700.0,54332.6,54468.4,528710
2025-09-10,54730.0,54948.0,54570.6,54791.8,941920
2025-09-11,54723.0,54941.6,54664.8,54875.0,606060
2025-09-12,54949.8,55071.0,54817.6,55013.4,546945
2025-09-15,55070.0,55193.6,55021.2,55113.6,469385
2025-09-16,55073.4,55359.8,55055.0,55339.6,714630
2025-09-17,55370.2,55744.4,55360.0,55699.8,971845
2025-09-18,55900.0,55994.0,55652.6,55879.6,1051540
2025-09-19,55848.6,55857.4,55550.0,55654.4,775320
2025-09-22,55594.8,55841.6,55427.6,55471.8,780885
2025-09-23,55460.2,55823.0,55355.4,55723.8,836675
2025-09-24,55698.2,55698.2,55165.2,55252.2,1082795
2025-09-25,55181.0,55439.0,55070.0,55152.2,904470
2025-09-26,54949.2,55046.0,54404.6,54474.8,1078805
2025-09-29,54545.6,54822.0,54301.2,54550.2,1351210
2025-09-30,54700.0,54825.0,54520.2,54634.4,942095
2025-10-01,55099.8,55709.0,54940.0,55663.2,1554210
2025-10-03,55620.6,55890.0,55590.0,55854.2,650160
2025-10-06,55951.2,56375.8,55916.2,56297.8,841540
2025-10-07,56300.0,56682.0,56230.0,56468.6,903945
2025-10-08,56460.2,56514.6,56043.0,56218.0,991200
2025-10-09,56205.0,56499.0,56106.0,56413.2,705985
2025-10-10,56397.8,57009.0,56389.4,56862.2,948430
2025-10-13,56578.0,56950.0,56575.0,56856.2,692230
2025-10-14,56891.2,56935.2,56461.2,56716.4,966980
2025-10-15,56784.8,57098.0,56727.4,56987.2,751905
2025-10-16,57250.0,57591.8,57130.2,57486.2,1008805
2025-10-17,57469.8,57920.2,57400.0,57757.2,1287720
2025-10-20,57835.0,58250.0,57835.0,58099.6,979125
2025-10-21,58098.8,58160.0,57881.4,57960.0,242305
2025-10-23,58305.2,58576.6,57980.2,58090.6,1218245
2025-10-24,58090.2,58159.8,57498.4,57703.2,1198540
2025-10-27,57762.2,58274.2,57740.8,58183.2,1183455
2025-10-28,58143.0,58341.4,57725.0,58183.6,1119720
2025-10-29,58620.0,58830.0,58459.2,58766.0,1078980
2025-10-30,58600.2,58677.0,58375.0,58425.6,725690
2025-10-31,58362.0,58589.6,58050.2,58184.6,803390
2025-11-03,58141.8,58499.0,58080.0,58404.4,772135
2025-11-04,58409.8,58409.8,58074.8,58117.8,714140
2025-11-06,58099.4,58194.4,57834.4,57886.8,692755
2025-11-07,57800.0,58299.0,57450.4,58181.6,1232000
2025-11-10,58200.0,58383.8,58158.8,58252.2,587510
2025-11-11,58220.6,58400.0,57862.2,58370.8,919730
2025-11-12,58606.0,58692.2,58462.8,58523.2,770700
2025-11-13,58449.8,58775.0,58360.0,58535.0,849695
2025-11-14,58384.0,58690.0,58300.2,58644.4,946715
2025-11-17,58761.2,59067.4,58695.8,59027.4,774165
2025-11-18,59009.0,59132.4,58899.0,58974.6,616070
2025-11-19,58970.6,59263.0,58773.0,59227.4,884940
2025-11-20,59300.0,59466.8,59200.0,59399.0,691495
2025-11-21,59250.0,59289.0,58824.2,58869.0,1528450
2025-11-24,58905.0,59299.0,58712.6,58871.8,1010940
2025-11-25,58826.2,59165.6,58738.6,58811.4,841960
2025-11-26,59300.0,59891.0,59265.0,59817.2,1099805
2025-11-27,59889.8,60164.0,59762.4,60031.8,929950
2025-11-28,59605.4,60165.6,58900.0,60068.2,482265
2025-12-01,60230.0,60353.2,59834.0,59914.0,958510
2025-12-02,59790.8,59950.0,59622.0,59665.4,834260
2025-12-03,59690.0,59799.0,59314.8,59737.0,1205225
2025-12-04,59764.6,59865.8,59440.0,59643.2,866635
2025-12-05,59647.2,60119.2,59556.4,60055.6,1481025
2025-12-08,60110.0,60110.0,59400.0,59553.0,1275295
2025-12-09,59400.0,59680.0,59220.6,59528.4,926870
2025-12-10,59556.0,59692.0,59150.0,59246.4,810495
2025-12-11,59310.0,59719.2,59085.0,59496.2,975310
2025-12-12,59610.0,59800.0,59455.6,59657.8,735665
2025-12-15,59599.8,59750.0,59348.0,59678.0,694050
2025-12-16,59550.0,59600.0,59225.0,59287.8,867055
2025-12-17,59280.0,59355.0,59025.0,59146.8,644385
2025-12-18,59109.6,59372.2,58913.2,59074.2,816830
2025-12-19,59200.0,59299.0,59087.2,59231.4,572845
2025-12-22,59424.8,59499.2,59343.0,59435.0,427070
2025-12-23,59434.0,59514.8,59346.4,59407.6,365190
2025-12-24,59437.0,59590.0,59221.0,59253.0,736190
2025-12-26,59200.0,59230.6,59010.0,59065.8,649705
2025-12-29,59114.8,59116.8,58831.8,58947.2,670810
2025-12-30,58820.0,59184.0,58761.0,59157.8,972930
2025-12-31,59615.0,60043.0,59555.2,59883.6,871980
2026-01-01,59920.0,59992.2,59802.8,59955.6,354120
2026-01-02,60020.0,60400.0,59971.0,60341.0,693600
2026-01-05,60430.0,60538.4,60016.0,60173.0,798060
2026-01-06,60201.0,60460.0,60142.2,60312.8,527790
2026-01-07,60299.8,60299.8,59966.0,60171.2,705090
2026-01-08,60110.0,60252.8,59755.0,59885.2,802560
2026-01-09,59890.0,59930.4,59441.0,59541.4,871110
2026-01-12,59600.0,59812.6,59127.6,59730.4,943230
2026-01-13,59880.0,59930.0,59450.0,59755.2,732570
2026-01-14,59690.0,59950.0,59580.2,59780.6,621690
2026-01-16,59833.0,60280.0,59800.0,60194.4,978570
2026-01-19,60055.0,60058.0,59692.8,59891.4,706020
2026-01-20,59944.0,59975.0,59402.8,59483.0,825000
2026-01-21,59458.8,59543.4,58350.0,58855.8,1301430
2026-01-22,59160.0,59631.8,58913.0,59343.2,1094250
2026-01-23,59463.0,59464.0,58370.0,58522.8,1046760
2026-01-27,58559.6,59226.2,58132.8,59139.6,973890
2026-01-28,59880.0,59977.0,59532.2,59866.4,975510
2026-01-29,59900.0,60260.6,59705.0,60209.4,894900
2026-01-30,60050.0,60170.0,59750.0,59908.6,811830
2026-02-01,59950.0,60095.0,58046.0,58701.4,1883520
2026-02-02,58611.0,58889.8,58151.0,58842.8,1269090
2026-02-03,60999.0,61299.8,59960.0,60210.0,2207490
2026-02-04,60180.0,60589.4,60061.4,60418.0,874920
2026-02-05,60439.0,60439.0,60121.0,60254.8,483630
2026-02-06,60140.0,60290.2,59836.0,60252.4,650010
2026-02-09,60458.0,60819.2,60458.0,60728.0,815880
2026-02-10,60775.0,60856.8,60640.0,60704.0,496350
2026-02-11,60800.0,60838.0,60600.0,60809.0,472980
2026-02-12,60850.0,60920.0,60682.0,60796.6,589740
2026-02-13,60675.0,60675.0,60217.0,60320.6,748770
2026-02-16,60225.0,61034.2,60121.4,60968.8,885660
2026-02-17,60910.0,61198.0,60632.0,61112.8,587490
2026-02-18,61110.0,61568.2,61053.2,61500.4,642840
2026-02-19,61590.0,61590.0,60616.2,60716.6,993120
2026-02-20,60632.0,61400.0,60632.0,61179.2,1027740
2026-02-23,61266.0,61500.0,61020.2,61238.0,681450
2026-02-24,61110.0,61435.0,60805.0,61049.8,776580
2026-02-25,61549.8,61680.0,61151.0,61367.8,731670
2026-02-26,61401.0,61570.0,61156.2,61501.0,500760
2026-02-27,61467.0,61467.0,60824.4,60901.0,895290
2026-03-02,60340.0,60622.2,59749.8,60213.6,1389360
2026-03-04,59455.0,59455.0,58826.0,59100.4,1444200
2026-03-05,59300.0,59640.0,58840.0,59375.2,1236360
2026-03-06,58988.6,59077.2,57950.2,58079.0,1201740
2026-03-09,56400.0,56901.0,55527.4,56318.6,1779690
2026-03-10,56950.0,57397.0,56636.2,57310.6,1145070
2026-03-11,57250.0,57279.2,55825.6,55929.8,1379910
2026-03-12,55000.0,55923.0,55000.0,55369.8,1354320
2026-03-13,55025.0,55025.0,53841.2,53922.8,1515570
2026-03-16,53900.0,54780.6,53460.6,54556.8,1470960
2026-03-17,54604.0,55089.0,54221.2,54994.6,1074930
2026-03-18,55109.8,55660.0,54790.0,55416.2,1143660
2026-03-19,54200.0,54297.6,53290.0,53603.8,1701120
2026-03-20,53750.0,54533.8,53420.2,53554.2,1388310
2026-03-23,52700.0,52850.0,51331.8,51496.0,1277760
2026-03-24,52004.0,52999.0,51875.0,52707.6,1668360
2026-03-25,53100.0,54167.6,53030.0,53730.8,1203660
2026-03-27,53455.0,53455.0,52232.8,52271.0,1282230
2026-03-30,51598.8,51598.8,50093.2,50247.6,1582440
2026-04-01,51750.0,52398.8,51440.0,51784.6,1515600
2026-04-02,50760.0,51993.4,50172.0,51818.4,1604640
2026-04-06,51800.0,52985.0,51400.0,52896.2,1151370
2026-04-07,52645.0,52940.0,52138.0,52872.8,951570
2026-04-08,55299.8,55999.6,54805.4,55928.0,1584090
2026-04-09,55600.0,55735.2,54838.0,55080.0,1013610
2026-04-10,55226.0,56129.8,55226.0,56077.2,1039530
2026-04-13,55310.0,55875.0,54606.6,55736.8,985440
2026-04-15,56784.0,56995.0,56247.0,56418.8,813300
2026-04-16,56755.0,56904.2,56035.8,56209.2,752430
2026-04-17,56140.0,56794.4,55898.4,56666.8,603690
2026-04-20,56750.0,57148.4,56451.0,56568.8,962400
2026-04-21,56700.0,57420.0,56658.2,57374.0,714420
2026-04-22,57167.0,57477.0,57007.0,57147.0,674310
2026-04-23,56750.0,56890.8,56258.0,56344.2,863910
2026-04-24,56401.0,56490.0,55806.0,56206.6,818850
2026-04-27,56390.0,56570.0,55940.2,56348.6,746370
2026-04-28,56066.0,56158.0,55376.0,55427.6,665100
2026-04-29,55875.0,56502.0,55506.2,55613.8,1024650
2026-04-30,55100.0,55350.0,54605.0,55195.2,953280
2026-05-04,55500.0,55933.0,54966.0,55153.8,934380
2026-05-05,54899.0,55177.4,54430.0,54808.0,841260
2026-05-06,55300.0,56449.0,54850.0,56348.6,1461330
2026-05-07,56400.0,56590.0,55952.0,56291.2,814260
2026-05-08,56189.8,56189.8,55300.0,55515.8,902400
2026-05-11,54924.0,55184.8,54475.0,54599.8,896310
2026-05-12,54388.0,54478.2,53594.2,53721.8,801930
2026-05-13,53750.0,54325.0,53397.6,53613.8,892380
2026-05-14,53890.0,54550.0,53260.2,54227.8,1067490
2026-05-15,54240.0,54459.0,53758.4,53842.4,773550
2026-05-18,53350.0,53838.8,52872.6,53702.8,951120
2026-05-19,53750.2,53950.0,53437.2,53501.8,643740
2026-05-20,53190.0,53819.8,52900.0,53741.6,704850
2026-05-21,54090.0,54199.4,53200.0,53530.8,1018230
2026-05-22,53648.0,54353.6,53600.0,54237.2,1165290
2026-05-25,54650.0,55600.0,54634.6,55431.4,983220
2026-05-26,55431.0,55559.8,55008.0,55090.8,745770
2026-05-27,55457.8,55571.0,55080.0,55207.0,781980
2026-05-29,55299.8,55529.4,54601.0,54760.0,1227540
2026-06-01,54782.0,54971.0,53811.0,53973.0,928230
2026-06-02,53500.0,54404.8,53401.0,54148.0,1104060
2026-06-03,54000.0,54649.8,53287.6,54517.4,1700490
2026-06-04,54270.0,54750.0,54126.0,54616.6,790830
2026-06-05,54660.0,55166.2,54367.4,54799.0,1811550
